sample_name,sample_label,sample,tech,run,source,egc_id,site_month
1,WACO21-281-a,WACO21-281,1,2,Samples,WACO.2021.281,Oysterville-Jul
2,WACO21-281-c,WACO21-281,3,2,Samples,WACO.2021.281,Oysterville-Jul
3,WACO21-281-e,WACO21-281,5,2,Samples,WACO.2021.281,Oysterville-Jul
4,WACO21-283-a,WACO21-283,1,2,Samples,WACO.2021.283,Oysterville-Jul
5,WACO21-283-b,WACO21-283,2,2,Samples,WACO.2021.283,Oysterville-Jul
6,WACO21-283-c,WACO21-283,3,2,Samples,WACO.2021.283,Oysterville-Jul
7,WACO21-284-a,WACO21-284,1,2,Samples,WACO.2021.284,Oysterville-Jul
8,WACO21-284-b,WACO21-284,2,2,Samples,WACO.2021.284,Oysterville-Jul
9,WACO21-284-c,WACO21-284,3,2,Samples,WACO.2021.284,Oysterville-Jul
10,WACO21-285-a,WACO21-285,1,2,Samples,WACO.2021.285,Oysterville-Jul
11,WACO21-285-b,WACO21-285,2,2,Samples,WACO.2021.285,Oysterville-Jul
12,WACO21-285-c,WACO21-285,3,2,Samples,WACO.2021.285,Oysterville-Jul
13,WACO21-106-a,WACO21-106,1,2,Samples,WACO.2021.106,Oysterville-May
14,WACO21-106-b,WACO21-106,2,2,Samples,WACO.2021.106,Oysterville-May
15,WACO21-106-c,WACO21-106,3,2,Samples,WACO.2021.106,Oysterville-May
16,WACO21-288-a,WACO21-288,1,2,Samples,WACO.2021.288,Oysterville-Jul
17,WACO21-499-a,WACO21-499,1,2,Samples,WACO.2021.499,Long Beach-Sep
18,WACO21-499-b,WACO21-499,2,2,Samples,WACO.2021.499,Long Beach-Sep
19,WACO21-499-c,WACO21-499,3,2,Samples,WACO.2021.499,Long Beach-Sep
20,WACO21-493-a,WACO21-493,1,2,Samples,WACO.2021.493,Long Beach-Sep
21,WACO21-493-b,WACO21-493,2,2,Samples,WACO.2021.493,Long Beach-Sep
22,WACO21-493-c,WACO21-493,3,2,Samples,WACO.2021.493,Long Beach-Sep
23,WACO21-500-a,WACO21-500,1,2,Samples,WACO.2021.500,Long Beach-Sep
24,WACO21-500-b,WACO21-500,2,2,Samples,WACO.2021.500,Long Beach-Sep
25,WACO21-500-c,WACO21-500,3,2,Samples,WACO.2021.500,Long Beach-Sep
26,WACO21-497-a,WACO21-497,1,2,Samples,WACO.2021.497,Long Beach-Sep
27,WACO21-497-b,WACO21-497,2,2,Samples,WACO.2021.497,Long Beach-Sep
28,WACO21-497-c,WACO21-497,3,2,Samples,WACO.2021.497,Long Beach-Sep
29,WACO21-498-a,WACO21-498,1,2,Samples,WACO.2021.498,Long Beach-Sep
30,WACO21-498-b,WACO21-498,2,2,Samples,WACO.2021.498,Long Beach-Sep
31,WACO21-498-c,WACO21-498,3,2,Samples,WACO.2021.498,Long Beach-Sep
32,WACO21-491-a,WACO21-491,1,2,Samples,WACO.2021.491,Long Beach-Sep
33,WACO21-097-a,WACO21-097,1,2,Samples,WACO.2021.097,Oysterville-May
34,WACO21-097-b,WACO21-097,2,2,Samples,WACO.2021.097,Oysterville-May
35,WACO21-097-c,WACO21-097,3,2,Samples,WACO.2021.097,Oysterville-May
36,WACO21-288-b,WACO21-288,2,2,Samples,WACO.2021.288,Oysterville-Jul
37,WACO21-288-d,WACO21-288,4,2,Samples,WACO.2021.288,Oysterville-Jul
38,WACO21-286-a,WACO21-286,1,2,Samples,WACO.2021.286,Oysterville-Jul
39,WACO21-286-b,WACO21-286,2,2,Samples,WACO.2021.286,Oysterville-Jul
40,WACO21-286-c,WACO21-286,3,2,Samples,WACO.2021.286,Oysterville-Jul
41,WACO21-340-a,WACO21-340,1,2,Samples,WACO.2021.340,Long Beach-Jul
42,WACO21-340-b,WACO21-340,2,2,Samples,WACO.2021.340,Long Beach-Jul
43,WACO21-340-c,WACO21-340,3,2,Samples,WACO.2021.340,Long Beach-Jul
44,WACO21-343-a,WACO21-343,1,2,Samples,WACO.2021.343,Long Beach-Jul
45,WACO21-343-b,WACO21-343,2,2,Samples,WACO.2021.343,Long Beach-Jul
46,WACO21-343-c,WACO21-343,3,2,Samples,WACO.2021.343,Long Beach-Jul
47,WACO21-339-a,WACO21-339,1,2,Samples,WACO.2021.339,Long Beach-Jul
48,WACO21-339-b,WACO21-339,2,2,Samples,WACO.2021.339,Long Beach-Jul
49,WACO21-148-a,WACO21-148,1,2,Samples,WACO.2021.148,Long Beach-May
50,WACO21-148-b,WACO21-148,2,2,Samples,WACO.2021.148,Long Beach-May
51,WACO21-148-c,WACO21-148,3,2,Samples,WACO.2021.148,Long Beach-May
52,WACO21-127-a,WACO21-127,1,2,Samples,WACO.2021.127,Long Beach-May
53,WACO21-127-b,WACO21-127,2,2,Samples,WACO.2021.127,Long Beach-May
54,WACO21-127-c,WACO21-127,3,2,Samples,WACO.2021.127,Long Beach-May
55,WACO21-145-a,WACO21-145,1,2,Samples,WACO.2021.145,Long Beach-May
56,WACO21-145-c,WACO21-145,3,2,Samples,WACO.2021.145,Long Beach-May
57,WACO21-491-b,WACO21-491,2,2,Samples,WACO.2021.491,Long Beach-Sep
58,WACO21-491-c,WACO21-491,3,2,Samples,WACO.2021.491,Long Beach-Sep
59,WACO21-496-a,WACO21-496,1,2,Samples,WACO.2021.496,Long Beach-Sep
60,WACO21-496-b,WACO21-496,2,2,Samples,WACO.2021.496,Long Beach-Sep
61,WACO21-496-d,WACO21-496,4,2,Samples,WACO.2021.496,Long Beach-Sep
62,WACO21-501-a,WACO21-501,1,2,Samples,WACO.2021.501,Long Beach-Sep
63,WACO21-501-b,WACO21-501,2,2,Samples,WACO.2021.501,Long Beach-Sep
64,WACO21-501-c,WACO21-501,3,2,Samples,WACO.2021.501,Long Beach-Sep
65,WACO21-339-c,WACO21-339,3,2,Samples,WACO.2021.339,Long Beach-Jul
66,WACO21-342-a,WACO21-342,1,2,Samples,WACO.2021.342,Long Beach-Jul
67,WACO21-342-b,WACO21-342,2,2,Samples,WACO.2021.342,Long Beach-Jul
68,WACO21-342-c,WACO21-342,3,2,Samples,WACO.2021.342,Long Beach-Jul
69,WACO21-348-a,WACO21-348,1,2,Samples,WACO.2021.348,Long Beach-Jul
70,WACO21-348-b,WACO21-348,2,2,Samples,WACO.2021.348,Long Beach-Jul
71,WACO21-348-c,WACO21-348,3,2,Samples,WACO.2021.348,Long Beach-Jul
73,WACO21-145-b,WACO21-145,2,2,Samples,WACO.2021.145,Long Beach-May
74,WACO21-135-a,WACO21-135,1,2,Samples,WACO.2021.135,Long Beach-May
75,WACO21-135-b,WACO21-135,2,2,Samples,WACO.2021.135,Long Beach-May
76,WACO21-135-c,WACO21-135,3,2,Samples,WACO.2021.135,Long Beach-May
77,WACO21-139-a,WACO21-139,1,2,Samples,WACO.2021.139,Long Beach-May
78,WACO21-139-b,WACO21-139,2,2,Samples,WACO.2021.139,Long Beach-May
79,WACO21-139-c,WACO21-139,3,2,Samples,WACO.2021.139,Long Beach-May
80,WACO21-143-a,WACO21-143,1,2,Samples,WACO.2021.143,Long Beach-May
81,WACO21-350-a,WACO21-350,1,2,Samples,WACO.2021.350,Long Beach-Jul
82,WACO21-350-b,WACO21-350,2,2,Samples,WACO.2021.350,Long Beach-Jul
83,WACO21-350-c,WACO21-350,3,2,Samples,WACO.2021.350,Long Beach-Jul
84,WACO21-347-a,WACO21-347,1,2,Samples,WACO.2021.347,Long Beach-Jul
85,WACO21-347-b,WACO21-347,2,2,Samples,WACO.2021.347,Long Beach-Jul
86,WACO21-347-c,WACO21-347,3,2,Samples,WACO.2021.347,Long Beach-Jul
87,WACO21-143-b,WACO21-143,2,2,Samples,WACO.2021.143,Long Beach-May
88,WACO21-143-c,WACO21-143,3,2,Samples,WACO.2021.143,Long Beach-May
89,WACO21-494-a,WACO21-494,1,2,Samples,WACO.2021.494,Long Beach-Sep
90,WACO21-494-b,WACO21-494,2,2,Samples,WACO.2021.494,Long Beach-Sep
91,WACO21-494-c,WACO21-494,3,2,Samples,WACO.2021.494,Long Beach-Sep
94,WACO21-ENegative,WACO21-ENegative,1,2,Positives,NA,NA
95,WACO21-PCRNegative,WACO21-PCRNegative,1,2,Positives,NA,NA
96,WACO21-Positive,WACO21-Positive,1,2,Positives,NA,NA
4,WACO21-102-a,WACO21-102,1,3,Samples,WACO.2021.102,Oysterville-May
5,WACO21-102-b,WACO21-102,2,3,Samples,WACO.2021.102,Oysterville-May
6,WACO21-102-c,WACO21-102,3,3,Samples,WACO.2021.102,Oysterville-May
7,WACO21-134-a,WACO21-134,1,3,Samples,WACO.2021.134,Long Beach-May
8,WACO21-134-b,WACO21-134,2,3,Samples,WACO.2021.134,Long Beach-May
9,WACO21-134-c,WACO21-134,3,3,Samples,WACO.2021.134,Long Beach-May
10,WACO21-601-a,WACO21-601,1,3,Samples,WACO.2021.601,Oysterville-Sep
11,WACO21-601-b,WACO21-601,2,3,Samples,WACO.2021.601,Oysterville-Sep
12,WACO21-601-c,WACO21-601,3,3,Samples,WACO.2021.601,Oysterville-Sep
13,WACO21-603-a,WACO21-603,1,3,Samples,WACO.2021.603,Oysterville-Sep
14,WACO21-603-b,WACO21-603,2,3,Samples,WACO.2021.603,Oysterville-Sep
15,WACO21-603-c,WACO21-603,3,3,Samples,WACO.2021.603,Oysterville-Sep
16,WACO21-604-a,WACO21-604,1,3,Samples,WACO.2021.604,Oysterville-Sep
17,WACO21-604-b,WACO21-604,2,3,Samples,WACO.2021.604,Oysterville-Sep
18,WACO21-604-c,WACO21-604,3,3,Samples,WACO.2021.604,Oysterville-Sep
19,WACO21-610-a,WACO21-610,1,3,Samples,WACO.2021.610,Oysterville-Sep
20,WACO21-610-b,WACO21-610,2,3,Samples,WACO.2021.610,Oysterville-Sep
21,WACO21-610-c,WACO21-610,3,3,Samples,WACO.2021.610,Oysterville-Sep
28,WACO21-099-a,WACO21-099,1,3,Samples,WACO.2021.099,Oysterville-May
29,WACO21-099-b,WACO21-099,2,3,Samples,WACO.2021.099,Oysterville-May
30,WACO21-099-c,WACO21-099,3,3,Samples,WACO.2021.099,Oysterville-May
31,WACO21-114-a,WACO21-114,1,3,Samples,WACO.2021.114,Oysterville-May
32,WACO21-114-b,WACO21-114,2,3,Samples,WACO.2021.114,Oysterville-May
33,WACO21-114-c,WACO21-114,3,3,Samples,WACO.2021.114,Oysterville-May
34,WACO21-126-a,WACO21-126,1,3,Samples,WACO.2021.126,Long Beach-May
35,WACO21-126-b,WACO21-126,2,3,Samples,WACO.2021.126,Long Beach-May
36,WACO21-126-c,WACO21-126,3,3,Samples,WACO.2021.126,Long Beach-May
37,WACO21-146-a,WACO21-146,1,3,Samples,WACO.2021.146,Long Beach-May
38,WACO21-146-b,WACO21-146,2,3,Samples,WACO.2021.146,Long Beach-May
39,WACO21-146-c,WACO21-146,3,3,Samples,WACO.2021.146,Long Beach-May
41,WACO21-106-a,WACO21-106,1,3,Samples,WACO.2021.106,Oysterville-May
42,WACO21-106-b,WACO21-106,2,3,Samples,WACO.2021.106,Oysterville-May
43,WACO21-106-c,WACO21-106,3,3,Samples,WACO.2021.106,Oysterville-May
44,WACO21-098-a,WACO21-098,1,3,Samples,WACO.2021.098,Oysterville-May
45,WACO21-098-b,WACO21-098,2,3,Samples,WACO.2021.098,Oysterville-May
46,WACO21-098-c,WACO21-098,3,3,Samples,WACO.2021.098,Oysterville-May
47,WACO21-101-a2,WACO21-101,4,3,Samples,WACO.2021.101,Oysterville-May
48,WACO21-101-b,WACO21-101,2,3,Samples,WACO.2021.101,Oysterville-May
49,WACO21-101-c,WACO21-101,3,3,Samples,WACO.2021.101,Oysterville-May
50,WACO21-104-a,WACO21-104,1,3,Samples,WACO.2021.104,Oysterville-May
51,WACO21-104-b,WACO21-104,2,3,Samples,WACO.2021.104,Oysterville-May
52,WACO21-104-c,WACO21-104,3,3,Samples,WACO.2021.104,Oysterville-May
53,WACO21-115-a,WACO21-115,1,3,Samples,WACO.2021.115,Oysterville-May
54,WACO21-115-b,WACO21-115,2,3,Samples,WACO.2021.115,Oysterville-May
55,WACO21-115-c,WACO21-115,3,3,Samples,WACO.2021.115,Oysterville-May
56,WACO21-108-a2,WACO21-108,4,3,Samples,WACO.2021.108,Oysterville-May
57,WACO21-108-b,WACO21-108,2,3,Samples,WACO.2021.108,Oysterville-May
58,WACO21-108-c,WACO21-108,3,3,Samples,WACO.2021.108,Oysterville-May
59,WACO21-128-a,WACO21-128,1,3,Samples,WACO.2021.128,Long Beach-May
60,WACO21-128-b,WACO21-128,2,3,Samples,WACO.2021.128,Long Beach-May
61,WACO21-128-c,WACO21-128,3,3,Samples,WACO.2021.128,Long Beach-May
62,WACO21-606-a,WACO21-606,1,3,Samples,WACO.2021.606,Oysterville-Sep
63,WACO21-606-b,WACO21-606,2,3,Samples,WACO.2021.606,Oysterville-Sep
64,WACO21-606-c,WACO21-606,3,3,Samples,WACO.2021.606,Oysterville-Sep
65,WACO21-613-a,WACO21-613,1,3,Samples,WACO.2021.613,Oysterville-Sep
66,WACO21-613-b,WACO21-613,2,3,Samples,WACO.2021.613,Oysterville-Sep
67,WACO21-613-c,WACO21-613,3,3,Samples,WACO.2021.613,Oysterville-Sep
68,WACO21-612-a,WACO21-612,1,3,Samples,WACO.2021.612,Oysterville-Sep
69,WACO21-612-b,WACO21-612,2,3,Samples,WACO.2021.612,Oysterville-Sep
70,WACO21-612-c,WACO21-612,3,3,Samples,WACO.2021.612,Oysterville-Sep
71,WACO21-618-a,WACO21-618,1,3,Samples,WACO.2021.618,Oysterville-Sep
72,WACO21-618-b,WACO21-618,2,3,Samples,WACO.2021.618,Oysterville-Sep
73,WACO21-618-c,WACO21-618,3,3,Samples,WACO.2021.618,Oysterville-Sep
74,WACO21-617-a,WACO21-617,1,3,Samples,WACO.2021.617,Oysterville-Sep
75,WACO21-617-b,WACO21-617,2,3,Samples,WACO.2021.617,Oysterville-Sep
76,WACO21-617-c,WACO21-617,3,3,Samples,WACO.2021.617,Oysterville-Sep
77,WACO21-600-a,WACO21-600,1,3,Samples,WACO.2021.600,Oysterville-Sep
78,WACO21-600-b,WACO21-600,2,3,Samples,WACO.2021.600,Oysterville-Sep
79,WACO21-600-c,WACO21-600,3,3,Samples,WACO.2021.600,Oysterville-Sep
80,WACO21-607-a,WACO21-607,1,3,Samples,WACO.2021.607,Oysterville-Sep
81,WACO21-607-b,WACO21-607,2,3,Samples,WACO.2021.607,Oysterville-Sep
82,WACO21-607-c,WACO21-607,3,3,Samples,WACO.2021.607,Oysterville-Sep
92,NegativeControl,NegativeControl,1,3,Positives,NA,NA
95,PositiveControl,PositiveControl,1,3,Positives,NA,NA
97,MC_B-a,MC_B,1,3,Mock Community,NA,NA
98,MC_B-b,MC_B,2,3,Mock Community,NA,NA
99,MC_B-c,MC_B,3,3,Mock Community,NA,NA
100,MC_E-a,MC_E,1,3,Mock Community,NA,NA
101,MC_E-b,MC_E,2,3,Mock Community,NA,NA
102,MC_E-c,MC_E,3,3,Mock Community,NA,NA
107,WACO21-101-a,WACO21-101,1,3,Samples,WACO.2021.101,Oysterville-May
108,WACO21-108-a,WACO21-108,1,3,Samples,WACO.2021.108,Oysterville-May
1,WACO21-262-a,WACO21-262,1,5,Samples,WACO.2021.262,Stackpole-Jul
2,WACO21-262-b,WACO21-262,2,5,Samples,WACO.2021.262,Stackpole-Jul
3,WACO21-262-c,WACO21-262,3,5,Samples,WACO.2021.262,Stackpole-Jul
4,WACO21-263-a,WACO21-263,1,5,Samples,WACO.2021.263,Stackpole-Jul
5,WACO21-263-b,WACO21-263,2,5,Samples,WACO.2021.263,Stackpole-Jul
6,WACO21-263-c,WACO21-263,3,5,Samples,WACO.2021.263,Stackpole-Jul
8,WACO21-503-b,WACO21-503,2,5,Samples,WACO.2021.503,Nahcotta-Sep
9,WACO21-503-c,WACO21-503,3,5,Samples,WACO.2021.503,Nahcotta-Sep
10,WACO21-573-a,WACO21-573,1,5,Samples,WACO.2021.573,Nahcotta-Sep
11,WACO21-573-b,WACO21-573,2,5,Samples,WACO.2021.573,Nahcotta-Sep
12,WACO21-573-c,WACO21-573,3,5,Samples,WACO.2021.573,Nahcotta-Sep
13,WACO21-642-a,WACO21-642,1,5,Samples,WACO.2021.642,Stackpole-Sep
14,WACO21-642-b,WACO21-642,2,5,Samples,WACO.2021.642,Stackpole-Sep
15,WACO21-642-c,WACO21-642,3,5,Samples,WACO.2021.642,Stackpole-Sep
16,WACO21-645-a,WACO21-645,1,5,Samples,WACO.2021.645,Stackpole-Sep
17,WACO21-645-b,WACO21-645,2,5,Samples,WACO.2021.645,Stackpole-Sep
18,WACO21-645-c,WACO21-645,3,5,Samples,WACO.2021.645,Stackpole-Sep
19,WACO21-665-a,WACO21-665,1,5,Samples,WACO.2021.665,Stackpole-Sep
20,WACO21-665-b,WACO21-665,2,5,Samples,WACO.2021.665,Stackpole-Sep
21,WACO21-665-c,WACO21-665,3,5,Samples,WACO.2021.665,Stackpole-Sep
22,WACO21-547-a,WACO21-547,1,5,Samples,WACO.2021.547,Nahcotta-Sep
23,WACO21-547-b,WACO21-547,2,5,Samples,WACO.2021.547,Nahcotta-Sep
24,WACO21-547-c,WACO21-547,3,5,Samples,WACO.2021.547,Nahcotta-Sep
25,WACO21-319-a,WACO21-319,1,5,Samples,WACO.2021.319,Nahcotta-Jul
26,WACO21-319-b,WACO21-319,2,5,Samples,WACO.2021.319,Nahcotta-Jul
27,WACO21-319-c,WACO21-319,3,5,Samples,WACO.2021.319,Nahcotta-Jul
28,WACO21-323-a,WACO21-323,1,5,Samples,WACO.2021.323,Nahcotta-Jul
29,WACO21-323-b,WACO21-323,2,5,Samples,WACO.2021.323,Nahcotta-Jul
30,WACO21-323-c,WACO21-323,3,5,Samples,WACO.2021.323,Nahcotta-Jul
31,WACO21-250-a,WACO21-250,1,5,Samples,WACO.2021.250,Stackpole-Jul
32,WACO21-250-b,WACO21-250,2,5,Samples,WACO.2021.250,Stackpole-Jul
33,WACO21-250-c,WACO21-250,3,5,Samples,WACO.2021.250,Stackpole-Jul
34,WACO21-315-a,WACO21-315,1,5,Samples,WACO.2021.315,Nahcotta-Jul
35,WACO21-315-b,WACO21-315,2,5,Samples,WACO.2021.315,Nahcotta-Jul
36,WACO21-315-c,WACO21-315,3,5,Samples,WACO.2021.315,Nahcotta-Jul
37,WACO21-225-a,WACO21-225,1,5,Samples,WACO.2021.225,Stackpole-Jul
38,WACO21-225-b,WACO21-225,2,5,Samples,WACO.2021.225,Stackpole-Jul
39,WACO21-225-c,WACO21-225,3,5,Samples,WACO.2021.225,Stackpole-Jul
40,WACO21-234-a,WACO21-234,1,5,Samples,WACO.2021.234,Stackpole-Jul
41,WACO21-234-b,WACO21-234,2,5,Samples,WACO.2021.234,Stackpole-Jul
42,WACO21-234-c,WACO21-234,3,5,Samples,WACO.2021.234,Stackpole-Jul
43,WACO21-591-a,WACO21-591,1,5,Samples,WACO.2021.591,Nahcotta-Sep
44,WACO21-591-b,WACO21-591,2,5,Samples,WACO.2021.591,Nahcotta-Sep
45,WACO21-591-c,WACO21-591,3,5,Samples,WACO.2021.591,Nahcotta-Sep
46,WACO21-658-a,WACO21-658,1,5,Samples,WACO.2021.658,Stackpole-Sep
47,WACO21-658-b,WACO21-658,2,5,Samples,WACO.2021.658,Stackpole-Sep
48,WACO21-658-c,WACO21-658,3,5,Samples,WACO.2021.658,Stackpole-Sep
49,WACO21-571-a,WACO21-571,1,5,Samples,WACO.2021.571,Nahcotta-Sep
50,WACO21-571-b,WACO21-571,2,5,Samples,WACO.2021.571,Nahcotta-Sep
51,WACO21-571-c,WACO21-571,3,5,Samples,WACO.2021.571,Nahcotta-Sep
52,WACO21-592-a,WACO21-592,1,5,Samples,WACO.2021.592,Nahcotta-Sep
53,WACO21-592-b,WACO21-592,2,5,Samples,WACO.2021.592,Nahcotta-Sep
54,WACO21-592-c,WACO21-592,3,5,Samples,WACO.2021.592,Nahcotta-Sep
55,WACO21-538-a,WACO21-538,1,5,Samples,WACO.2021.538,Nahcotta-Sep
56,WACO21-538-b,WACO21-538,2,5,Samples,WACO.2021.538,Nahcotta-Sep
57,WACO21-538-c,WACO21-538,3,5,Samples,WACO.2021.538,Nahcotta-Sep
58,WACO21-564-a,WACO21-564,1,5,Samples,WACO.2021.564,Nahcotta-Sep
61,WACO21-261-a,WACO21-261,1,5,Samples,WACO.2021.261,Stackpole-Jul
62,WACO21-261-b,WACO21-261,2,5,Samples,WACO.2021.261,Stackpole-Jul
63,WACO21-261-c,WACO21-261,3,5,Samples,WACO.2021.261,Stackpole-Jul
64,WACO21-265-a,WACO21-265,1,5,Samples,WACO.2021.265,Stackpole-Jul
65,WACO21-265-b,WACO21-265,2,5,Samples,WACO.2021.265,Stackpole-Jul
66,WACO21-265-c,WACO21-265,3,5,Samples,WACO.2021.265,Stackpole-Jul
67,WACO21-226-a,WACO21-226,1,5,Samples,WACO.2021.226,Stackpole-Jul
68,WACO21-226-b,WACO21-226,2,5,Samples,WACO.2021.226,Stackpole-Jul
69,WACO21-226-c,WACO21-226,3,5,Samples,WACO.2021.226,Stackpole-Jul
91,NegativeControl,NegativeControl,1,5,Positives,NA,NA
92,NegativeControl,NegativeControl,1,5,Positives,NA,NA
70,WACO21-262-a,WACO21-262,1,5,Samples,WACO.2021.262,Stackpole-Jul
71,WACO21-262-b,WACO21-262,2,5,Samples,WACO.2021.262,Stackpole-Jul
72,WACO21-262-c,WACO21-262,3,5,Samples,WACO.2021.262,Stackpole-Jul
73,WACO21-263-a,WACO21-263,1,5,Samples,WACO.2021.263,Stackpole-Jul
74,WACO21-263-b,WACO21-263,2,5,Samples,WACO.2021.263,Stackpole-Jul
75,WACO21-263-c,WACO21-263,3,5,Samples,WACO.2021.263,Stackpole-Jul
76,WACO21-662-a,WACO21-662,1,5,Samples,WACO.2021.662,Stackpole-Sep
77,WACO21-662-b,WACO21-662,2,5,Samples,WACO.2021.662,Stackpole-Sep
78,WACO21-662-c,WACO21-662,3,5,Samples,WACO.2021.662,Stackpole-Sep
79,WACO21-664-a,WACO21-664,1,5,Samples,WACO.2021.664,Stackpole-Sep
80,WACO21-664-b,WACO21-664,2,5,Samples,WACO.2021.664,Stackpole-Sep
81,WACO21-664-c,WACO21-664,3,5,Samples,WACO.2021.664,Stackpole-Sep
59,WACO21-564-b,WACO21-564,2,5,Samples,WACO.2021.564,Nahcotta-Sep
60,WACO21-564-c,WACO21-564,3,5,Samples,WACO.2021.564,Nahcotta-Sep
90,WACO21-MC_D-c,MC_D,3,5,Mock Community,NA,NA
93,PositiveControl,PositiveControl,1,5,Positives,NA,NA
85,WACO21-MC_C-a,MC_C,1,5,Mock Community,NA,NA
86,WACO21-MC_C-b,MC_C,2,5,Mock Community,NA,NA
87,WACO21-MC_C-c,MC_C,3,5,Mock Community,NA,NA
82,WACO21-MC_A-a,MC_A,1,5,Mock Community,NA,NA
83,WACO21-MC_A-b,MC_A,2,5,Mock Community,NA,NA
84,WACO21-MC_A-c,MC_A,3,5,Mock Community,NA,NA
88,WACO21-MC_D-a,MC_D,1,5,Mock Community,NA,NA
89,WACO21-MC_D-b,MC_D,2,5,Mock Community,NA,NA
1,WACO21-639-a,WACO21-639,1,4,Samples,WACO.2021.639,Stackpole-Sep
2,WACO21-639-b,WACO21-639,2,4,Samples,WACO.2021.639,Stackpole-Sep
3,WACO21-639-c,WACO21-639,3,4,Samples,WACO.2021.639,Stackpole-Sep
4,WACO21-102-a,WACO21-102,4,4,Samples,WACO.2021.102,Oysterville-May
5,WACO21-102-b,WACO21-102,5,4,Samples,WACO.2021.102,Oysterville-May
6,WACO21-102-c,WACO21-102,6,4,Samples,WACO.2021.102,Oysterville-May
7,WACO21-108-a,WACO21-108,4,4,Samples,WACO.2021.108,Oysterville-May
8,WACO21-108-c,WACO21-108,6,4,Samples,WACO.2021.108,Oysterville-May
9,WACO21-134-c,WACO21-134,6,4,Samples,WACO.2021.134,Long Beach-May
10,WACO21-565-a,WACO21-565,1,4,Samples,WACO.2021.565,Nahcotta-Sep
11,WACO21-565-b,WACO21-565,2,4,Samples,WACO.2021.565,Nahcotta-Sep
12,WACO21-565-c,WACO21-565,3,4,Samples,WACO.2021.565,Nahcotta-Sep
16,WACO21-604-a,WACO21-604,4,4,Samples,WACO.2021.604,Oysterville-Sep
17,WACO21-604-b,WACO21-604,5,4,Samples,WACO.2021.604,Oysterville-Sep
18,WACO21-604-c,WACO21-604,6,4,Samples,WACO.2021.604,Oysterville-Sep
19,WACO21-610-a,WACO21-610,4,4,Samples,WACO.2021.610,Oysterville-Sep
20,WACO21-610-b,WACO21-610,5,4,Samples,WACO.2021.610,Oysterville-Sep
21,WACO21-610-c,WACO21-610,6,4,Samples,WACO.2021.610,Oysterville-Sep
22,WACO21-240-a,WACO21-240,1,4,Samples,WACO.2021.240,Stackpole-Jul
23,WACO21-240-b,WACO21-240,2,4,Samples,WACO.2021.240,Stackpole-Jul
24,WACO21-240-c,WACO21-240,3,4,Samples,WACO.2021.240,Stackpole-Jul
25,WACO21-321-a,WACO21-321,1,4,Samples,WACO.2021.321,Nahcotta-Jul
26,WACO21-321-b,WACO21-321,2,4,Samples,WACO.2021.321,Nahcotta-Jul
27,WACO21-321-c,WACO21-321,3,4,Samples,WACO.2021.321,Nahcotta-Jul
41,WACO21-512-a,WACO21-512,1,4,Samples,WACO.2021.512,Nahcotta-Sep
42,WACO21-106-b,WACO21-106,5,4,Samples,WACO.2021.106,Oysterville-May
43,WACO21-512-c,WACO21-512,3,4,Samples,WACO.2021.512,Nahcotta-Sep
47,WACO21-101-a,WACO21-101,4,4,Samples,WACO.2021.101,Oysterville-May
48,WACO21-101-b,WACO21-101,5,4,Samples,WACO.2021.101,Oysterville-May
49,WACO21-101-c,WACO21-101,6,4,Samples,WACO.2021.101,Oysterville-May
50,WACO21-104-a,WACO21-104,4,4,Samples,WACO.2021.104,Oysterville-May
51,WACO21-104-b,WACO21-104,5,4,Samples,WACO.2021.104,Oysterville-May
52,WACO21-104-c,WACO21-104,6,4,Samples,WACO.2021.104,Oysterville-May
55,WACO21-134-a,WACO21-134,4,4,Samples,WACO.2021.134,Long Beach-May
56,WACO21-134-b,WACO21-134,5,4,Samples,WACO.2021.134,Long Beach-May
57,WACO21-108-b,WACO21-108,5,4,Samples,WACO.2021.108,Oysterville-May
59,WACO21-128-a,WACO21-128,4,4,Samples,WACO.2021.128,Long Beach-May
60,WACO21-128-b,WACO21-128,5,4,Samples,WACO.2021.128,Long Beach-May
61,WACO21-128-c,WACO21-128,6,4,Samples,WACO.2021.128,Long Beach-May
65,WACO21-613-a,WACO21-613,4,4,Samples,WACO.2021.613,Oysterville-Sep
66,WACO21-613-b,WACO21-613,5,4,Samples,WACO.2021.613,Oysterville-Sep
67,WACO21-613-c,WACO21-613,6,4,Samples,WACO.2021.613,Oysterville-Sep
68,WACO21-612-a,WACO21-612,4,4,Samples,WACO.2021.612,Oysterville-Sep
69,WACO21-612-b,WACO21-612,5,4,Samples,WACO.2021.612,Oysterville-Sep
70,WACO21-612-c,WACO21-612,6,4,Samples,WACO.2021.612,Oysterville-Sep
74,WACO21-617-a,WACO21-617,4,4,Samples,WACO.2021.617,Oysterville-Sep
75,WACO21-617-b,WACO21-617,5,4,Samples,WACO.2021.617,Oysterville-Sep
76,WACO21-617-c,WACO21-617,6,4,Samples,WACO.2021.617,Oysterville-Sep
77,WACO21-600-a,WACO21-600,4,4,Samples,WACO.2021.600,Oysterville-Sep
78,WACO21-600-b,WACO21-600,5,4,Samples,WACO.2021.600,Oysterville-Sep
79,WACO21-600-c,WACO21-600,6,4,Samples,WACO.2021.600,Oysterville-Sep
80,WACO21-607-a,WACO21-607,4,4,Samples,WACO.2021.607,Oysterville-Sep
81,WACO21-607-b,WACO21-607,5,4,Samples,WACO.2021.607,Oysterville-Sep
82,WACO21-607-c,WACO21-607,6,4,Samples,WACO.2021.607,Oysterville-Sep
83,WACO21-309-a,WACO21-309,1,4,Samples,WACO.2021.309,Nahcotta-Jul
84,WACO21-309-b,WACO21-309,2,4,Samples,WACO.2021.309,Nahcotta-Jul
85,WACO21-309-c,WACO21-309,3,4,Samples,WACO.2021.309,Nahcotta-Jul
86,WACO21-310-a,WACO21-310,1,4,Samples,WACO.2021.310,Nahcotta-Jul
87,WACO21-310-b,WACO21-310,2,4,Samples,WACO.2021.310,Nahcotta-Jul
88,WACO21-310-c,WACO21-310,3,4,Samples,WACO.2021.310,Nahcotta-Jul
89,WACO21-632-a,WACO21-632,1,4,Samples,WACO.2021.632,Stackpole-Sep
90,WACO21-632-b,WACO21-632,2,4,Samples,WACO.2021.632,Stackpole-Sep
91,WACO21-632-c,WACO21-632,3,4,Samples,WACO.2021.632,Stackpole-Sep
96,PositiveControl,PositiveControl,4,4,Positives,NA,NA
