EGC_ID,Sample_label,CollectionDate,Water Body,Site_Name,CW_mm,Sex
WACO.2021.086,WACO21-086,5/19/2021,Willapa,Stackpole,55,Female
WACO.2021.097,WACO21-097,5/26/2021,Willapa,Oysterville,77,Male
WACO.2021.098,WACO21-098,5/26/2021,Willapa,Oysterville,91,Male
WACO.2021.099,WACO21-099,5/26/2021,Willapa,Oysterville,91,Male
WACO.2021.100,WACO21-100,5/26/2021,Willapa,Oysterville,50,Female
WACO.2021.101,WACO21-101,5/26/2021,Willapa,Oysterville,85,Male
WACO.2021.102,WACO21-102,5/26/2021,Willapa,Oysterville,88,Male
WACO.2021.103,WACO21-103,5/26/2021,Willapa,Oysterville,45,Male
WACO.2021.104,WACO21-104,5/26/2021,Willapa,Oysterville,83,Male
WACO.2021.105,WACO21-105,5/26/2021,Willapa,Oysterville,87,Male
WACO.2021.106,WACO21-106,5/26/2021,Willapa,Oysterville,87,Male
WACO.2021.107,WACO21-107,5/26/2021,Willapa,Oysterville,76,Male
WACO.2021.108,WACO21-108,5/26/2021,Willapa,Oysterville,87.5,Male
WACO.2021.109,WACO21-109,5/26/2021,Willapa,Oysterville,53,Female
WACO.2021.110,WACO21-110,5/26/2021,Willapa,Oysterville,57,Female
WACO.2021.111,WACO21-111,5/26/2021,Willapa,Oysterville,49,Male
WACO.2021.112,WACO21-112,5/26/2021,Willapa,Oysterville,64,Female
WACO.2021.113,WACO21-113,5/26/2021,Willapa,Oysterville,54,Female
WACO.2021.114,WACO21-114,5/26/2021,Willapa,Oysterville,56,Female
WACO.2021.115,WACO21-115,5/26/2021,Willapa,Oysterville,49,Male
WACO.2021.116,WACO21-116,5/26/2021,Willapa,Oysterville,48,Male
WACO.2021.117,WACO21-117,5/26/2021,Willapa,Oysterville,45,Female
WACO.2021.118,WACO21-118,5/26/2021,Willapa,Long Beach,59,Male
WACO.2021.119,WACO21-119,5/26/2021,Willapa,Long Beach,51,Male
WACO.2021.120,WACO21-120,5/26/2021,Willapa,Long Beach,56,Male
WACO.2021.121,WACO21-121,5/26/2021,Willapa,Long Beach,51,Female
WACO.2021.122,WACO21-122,5/26/2021,Willapa,Long Beach,48,Male
WACO.2021.123,WACO21-123,5/26/2021,Willapa,Long Beach,42.5,Female
WACO.2021.124,WACO21-124,5/26/2021,Willapa,Long Beach,50,Male
WACO.2021.125,WACO21-125,5/26/2021,Willapa,Long Beach,54,Male
WACO.2021.126,WACO21-126,5/26/2021,Willapa,Long Beach,85,Male
WACO.2021.127,WACO21-127,5/26/2021,Willapa,Long Beach,78,Male
WACO.2021.128,WACO21-128,5/26/2021,Willapa,Long Beach,65,Male
WACO.2021.129,WACO21-129,5/26/2021,Willapa,Long Beach,60,Female
WACO.2021.130,WACO21-130,5/26/2021,Willapa,Long Beach,50.5,Male
WACO.2021.131,WACO21-131,5/26/2021,Willapa,Long Beach,54,Female
WACO.2021.132,WACO21-132,5/26/2021,Willapa,Long Beach,52,Female
WACO.2021.133,WACO21-133,5/26/2021,Willapa,Long Beach,56,Male
WACO.2021.134,WACO21-134,5/26/2021,Willapa,Long Beach,77,Male
WACO.2021.135,WACO21-135,5/26/2021,Willapa,Long Beach,73,Male
WACO.2021.136,WACO21-136,5/26/2021,Willapa,Long Beach,56,Male
WACO.2021.137,WACO21-137,5/26/2021,Willapa,Long Beach,79,Male
WACO.2021.138,WACO21-138,5/26/2021,Willapa,Long Beach,51,Male
WACO.2021.139,WACO21-139,5/26/2021,Willapa,Long Beach,81,Male
WACO.2021.140,WACO21-140,5/26/2021,Willapa,Long Beach,74,Male
WACO.2021.141,WACO21-141,5/26/2021,Willapa,Long Beach,58,Male
WACO.2021.142,WACO21-142,5/26/2021,Willapa,Long Beach,51,Female
WACO.2021.143,WACO21-143,5/26/2021,Willapa,Long Beach,75,Male
WACO.2021.144,WACO21-144,5/26/2021,Willapa,Long Beach,50,Female
WACO.2021.145,WACO21-145,5/26/2021,Willapa,Long Beach,62,Male
WACO.2021.146,WACO21-146,5/26/2021,Willapa,Long Beach,59,Male
WACO.2021.147,WACO21-147,5/26/2021,Willapa,Long Beach,55,Male
WACO.2021.148,WACO21-148,5/26/2021,Willapa,Long Beach,62,Male
WACO.2021.214,WACO21-214,7/8/2021,Willapa,Stackpole,50,Male
WACO.2021.215,WACO21-215,7/8/2021,Willapa,Stackpole,33,Male
WACO.2021.216,WACO21-216,7/8/2021,Willapa,Stackpole,50,Female
WACO.2021.217,WACO21-217,7/8/2021,Willapa,Stackpole,58,Male
WACO.2021.218,WACO21-218,7/8/2021,Willapa,Stackpole,54,Male
WACO.2021.219,WACO21-219,7/8/2021,Willapa,Stackpole,74,Male
WACO.2021.220,WACO21-220,7/8/2021,Willapa,Stackpole,63,Male
WACO.2021.221,WACO21-221,7/8/2021,Willapa,Stackpole,45,Female
WACO.2021.222,WACO21-222,7/8/2021,Willapa,Stackpole,37,Female
WACO.2021.223,WACO21-223,7/8/2021,Willapa,Stackpole,32,Male
WACO.2021.224,WACO21-224,7/8/2021,Willapa,Stackpole,47,Male
WACO.2021.225,WACO21-225,7/8/2021,Willapa,Stackpole,62,Male
WACO.2021.226,WACO21-226,7/8/2021,Willapa,Stackpole,63,Male
WACO.2021.227,WACO21-227,7/8/2021,Willapa,Stackpole,55,Male
WACO.2021.228,WACO21-228,7/8/2021,Willapa,Stackpole,36,Female
WACO.2021.229,WACO21-229,7/8/2021,Willapa,Stackpole,50,Male
WACO.2021.230,WACO21-230,7/8/2021,Willapa,Stackpole,50,Male
WACO.2021.231,WACO21-231,7/8/2021,Willapa,Stackpole,54,Male
WACO.2021.232,WACO21-232,7/8/2021,Willapa,Stackpole,46,Male
WACO.2021.233,WACO21-233,7/8/2021,Willapa,Stackpole,29,Male
WACO.2021.234,WACO21-234,7/8/2021,Willapa,Stackpole,61,Male
WACO.2021.235,WACO21-235,7/8/2021,Willapa,Stackpole,49,Male
WACO.2021.236,WACO21-236,7/8/2021,Willapa,Stackpole,47,Female
WACO.2021.237,WACO21-237,7/8/2021,Willapa,Stackpole,45,Female
WACO.2021.238,WACO21-238,7/8/2021,Willapa,Stackpole,64,Male
WACO.2021.239,WACO21-239,7/8/2021,Willapa,Stackpole,58,Male
WACO.2021.240,WACO21-240,7/8/2021,Willapa,Stackpole,59,Male
WACO.2021.241,WACO21-241,7/8/2021,Willapa,Stackpole,52,Male
WACO.2021.242,WACO21-242,7/8/2021,Willapa,Stackpole,43,Male
WACO.2021.243,WACO21-243,7/8/2021,Willapa,Stackpole,50,Male
WACO.2021.244,WACO21-244,7/8/2021,Willapa,Stackpole,43,Male
WACO.2021.245,WACO21-245,7/8/2021,Willapa,Stackpole,46,Male
WACO.2021.246,WACO21-246,7/8/2021,Willapa,Stackpole,35,Female
WACO.2021.247,WACO21-247,7/8/2021,Willapa,Stackpole,74,Male
WACO.2021.248,WACO21-248,7/8/2021,Willapa,Stackpole,48,Female
WACO.2021.249,WACO21-249,7/8/2021,Willapa,Stackpole,36,Female
WACO.2021.250,WACO21-250,7/8/2021,Willapa,Stackpole,69,Male
WACO.2021.251,WACO21-251,7/8/2021,Willapa,Stackpole,36,Female
WACO.2021.252,WACO21-252,7/8/2021,Willapa,Stackpole,45,Female
WACO.2021.253,WACO21-253,7/8/2021,Willapa,Stackpole,54,Male
WACO.2021.254,WACO21-254,7/8/2021,Willapa,Stackpole,45,Female
WACO.2021.255,WACO21-255,7/8/2021,Willapa,Stackpole,36,Female
WACO.2021.256,WACO21-256,7/8/2021,Willapa,Stackpole,37,Male
WACO.2021.257,WACO21-257,7/8/2021,Willapa,Stackpole,33,Female
WACO.2021.258,WACO21-258,7/8/2021,Willapa,Stackpole,42,Female
WACO.2021.259,WACO21-259,7/8/2021,Willapa,Stackpole,69,Male
WACO.2021.260,WACO21-260,7/8/2021,Willapa,Stackpole,57,Male
WACO.2021.261,WACO21-261,7/8/2021,Willapa,Stackpole,62,Male
WACO.2021.262,WACO21-262,7/8/2021,Willapa,Stackpole,78,Male
WACO.2021.263,WACO21-263,7/8/2021,Willapa,Stackpole,59,Male
WACO.2021.264,WACO21-264,7/8/2021,Willapa,Stackpole,50,Male
WACO.2021.265,WACO21-265,7/8/2021,Willapa,Stackpole,54,Male
WACO.2021.266,WACO21-266,7/8/2021,Willapa,Stackpole,37,Male
WACO.2021.267,WACO21-267,7/8/2021,Willapa,Stackpole,61,Female
WACO.2021.268,WACO21-268,7/8/2021,Willapa,Stackpole,67,Male
WACO.2021.269,WACO21-269,7/8/2021,Willapa,Stackpole,43,Male
WACO.2021.270,WACO21-270,7/8/2021,Willapa,Stackpole,38,Female
WACO.2021.271,WACO21-271,7/8/2021,Willapa,Stackpole,78,Male
WACO.2021.272,WACO21-272,7/8/2021,Willapa,Stackpole,59,Male
WACO.2021.273,WACO21-273,7/8/2021,Willapa,Stackpole,47,Female
WACO.2021.274,WACO21-274,7/8/2021,Willapa,Stackpole,33,Male
WACO.2021.275,WACO21-275,7/8/2021,Willapa,Oysterville,40,Male
WACO.2021.276,WACO21-276,7/8/2021,Willapa,Oysterville,42,Male
WACO.2021.277,WACO21-277,7/8/2021,Willapa,Oysterville,58,Male
WACO.2021.278,WACO21-278,7/8/2021,Willapa,Oysterville,53,Female
WACO.2021.279,WACO21-279,7/8/2021,Willapa,Oysterville,52,Male
WACO.2021.280,WACO21-280,7/8/2021,Willapa,Oysterville,53,Female
WACO.2021.281,WACO21-281,7/8/2021,Willapa,Oysterville,61,Male
WACO.2021.282,WACO21-282,7/8/2021,Willapa,Oysterville,48,Female
WACO.2021.283,WACO21-283,7/8/2021,Willapa,Oysterville,44,Male
WACO.2021.284,WACO21-284,7/8/2021,Willapa,Oysterville,69,Male
WACO.2021.285,WACO21-285,7/8/2021,Willapa,Oysterville,52,Male
WACO.2021.286,WACO21-286,7/8/2021,Willapa,Oysterville,54,Male
WACO.2021.287,WACO21-287,7/8/2021,Willapa,Oysterville,49,Female
WACO.2021.288,WACO21-288,7/8/2021,Willapa,Oysterville,62,Female
WACO.2021.289,WACO21-289,7/8/2021,Willapa,Oysterville,55,Female
WACO.2021.290,WACO21-290,7/8/2021,Willapa,Oysterville,51,Male
WACO.2021.291,WACO21-291,7/8/2021,Willapa,Nahcotta,47,Female
WACO.2021.292,WACO21-292,7/8/2021,Willapa,Nahcotta,56,Female
WACO.2021.293,WACO21-293,7/8/2021,Willapa,Nahcotta,77,Female
WACO.2021.294,WACO21-294,7/8/2021,Willapa,Nahcotta,56,Female
WACO.2021.295,WACO21-295,7/8/2021,Willapa,Nahcotta,55,Female
WACO.2021.296,WACO21-296,7/8/2021,Willapa,Nahcotta,54,Male
WACO.2021.297,WACO21-297,7/8/2021,Willapa,Nahcotta,50,Male
WACO.2021.298,WACO21-298,7/8/2021,Willapa,Nahcotta,64,Male
WACO.2021.299,WACO21-299,7/8/2021,Willapa,Nahcotta,46,Female
WACO.2021.300,WACO21-300,7/8/2021,Willapa,Nahcotta,47,Female
WACO.2021.301,WACO21-301,7/8/2021,Willapa,Nahcotta,81,Male
WACO.2021.302,WACO21-302,7/8/2021,Willapa,Nahcotta,51,Male
WACO.2021.303,WACO21-303,7/8/2021,Willapa,Nahcotta,54,Female
WACO.2021.304,WACO21-304,7/8/2021,Willapa,Nahcotta,60,Female
WACO.2021.305,WACO21-305,7/8/2021,Willapa,Nahcotta,56,Female
WACO.2021.306,WACO21-306,7/8/2021,Willapa,Nahcotta,64,Male
WACO.2021.307,WACO21-307,7/8/2021,Willapa,Nahcotta,67,Male
WACO.2021.308,WACO21-308,7/8/2021,Willapa,Nahcotta,61,Male
WACO.2021.309,WACO21-309,7/8/2021,Willapa,Nahcotta,71,Male
WACO.2021.310,WACO21-310,7/8/2021,Willapa,Nahcotta,69,Male
WACO.2021.311,WACO21-311,7/8/2021,Willapa,Nahcotta,48,Female
WACO.2021.312,WACO21-312,7/8/2021,Willapa,Nahcotta,58,Male
WACO.2021.313,WACO21-313,7/8/2021,Willapa,Nahcotta,44,Female
WACO.2021.314,WACO21-314,7/8/2021,Willapa,Nahcotta,54,Female
WACO.2021.315,WACO21-315,7/8/2021,Willapa,Nahcotta,60,Male
WACO.2021.316,WACO21-316,7/8/2021,Willapa,Nahcotta,58,Male
WACO.2021.317,WACO21-317,7/8/2021,Willapa,Nahcotta,58,Male
WACO.2021.318,WACO21-318,7/8/2021,Willapa,Nahcotta,55,Male
WACO.2021.319,WACO21-319,7/8/2021,Willapa,Nahcotta,63,Male
WACO.2021.320,WACO21-320,7/8/2021,Willapa,Nahcotta,57,Male
WACO.2021.321,WACO21-321,7/8/2021,Willapa,Nahcotta,69,Male
WACO.2021.322,WACO21-322,7/8/2021,Willapa,Nahcotta,60,Female
WACO.2021.323,WACO21-323,7/8/2021,Willapa,Nahcotta,61,Male
WACO.2021.324,WACO21-324,7/8/2021,Willapa,Nahcotta,52,Male
WACO.2021.325,WACO21-325,7/8/2021,Willapa,Nahcotta,56,Female
WACO.2021.326,WACO21-326,7/8/2021,Willapa,Nahcotta,58,Male
WACO.2021.327,WACO21-327,7/8/2021,Willapa,Nahcotta,61,Female
WACO.2021.328,WACO21-328,7/8/2021,Willapa,Nahcotta,60,Male
WACO.2021.329,WACO21-329,7/8/2021,Willapa,Nahcotta,44,Female
WACO.2021.330,WACO21-330,7/8/2021,Willapa,Nahcotta,59,Female
WACO.2021.331,WACO21-331,7/8/2021,Willapa,Nahcotta,53,Female
WACO.2021.332,WACO21-332,7/8/2021,Willapa,Nahcotta,48,Female
WACO.2021.333,WACO21-333,7/8/2021,Willapa,Nahcotta,53,Female
WACO.2021.334,WACO21-334,7/8/2021,Willapa,Nahcotta,52,Female
WACO.2021.335,WACO21-335,7/8/2021,Willapa,Nahcotta,53,Male
WACO.2021.336,WACO21-336,7/8/2021,Willapa,Nahcotta,66,Male
WACO.2021.337,WACO21-337,7/8/2021,Willapa,Nahcotta,69,Female
WACO.2021.338,WACO21-338,7/8/2021,Willapa,Nahcotta,69,Female
WACO.2021.339,WACO21-339,7/8/2021,Willapa,Long Beach,59,Female
WACO.2021.340,WACO21-340,7/8/2021,Willapa,Long Beach,69,Male
WACO.2021.341,WACO21-341,7/8/2021,Willapa,Long Beach,84,Male
WACO.2021.342,WACO21-342,7/8/2021,Willapa,Long Beach,63,Male
WACO.2021.343,WACO21-343,7/8/2021,Willapa,Long Beach,59,Male
WACO.2021.347,WACO21-347,7/8/2021,Willapa,Long Beach,62,Female
WACO.2021.348,WACO21-348,7/8/2021,Willapa,Long Beach,69,Male
WACO.2021.349,WACO21-349,7/8/2021,Willapa,Long Beach,61,Male
WACO.2021.350,WACO21-350,7/8/2021,Willapa,Long Beach,58,Male
WACO.2021.491,WACO21-491,9/7/2021,Willapa,Long Beach,57,Female
WACO.2021.492,WACO21-492,9/7/2021,Willapa,Nahcotta,57,Male
WACO.2021.493,WACO21-493,9/7/2021,Willapa,Long Beach,63,Male
WACO.2021.494,WACO21-494,9/7/2021,Willapa,Long Beach,65,Female
WACO.2021.495,WACO21-495,9/7/2021,Willapa,Long Beach,62,Male
WACO.2021.496,WACO21-496,9/7/2021,Willapa,Long Beach,79,Male
WACO.2021.497,WACO21-497,9/7/2021,Willapa,Long Beach,63,Male
WACO.2021.498,WACO21-498,9/7/2021,Willapa,Long Beach,59,Female
WACO.2021.499,WACO21-499,9/7/2021,Willapa,Long Beach,54,Male
WACO.2021.500,WACO21-500,9/7/2021,Willapa,Long Beach,72,Male
WACO.2021.501,WACO21-501,9/7/2021,Willapa,Long Beach,69,Male
WACO.2021.502,WACO21-502,9/7/2021,Willapa,Nahcotta,68,Female
WACO.2021.503,WACO21-503,9/7/2021,Willapa,Nahcotta,67,Male
WACO.2021.504,WACO21-504,9/7/2021,Willapa,Nahcotta,74,Male
WACO.2021.505,WACO21-505,9/7/2021,Willapa,Nahcotta,59,Female
WACO.2021.506,WACO21-506,9/7/2021,Willapa,Nahcotta,53,Female
WACO.2021.507,WACO21-507,9/7/2021,Willapa,Nahcotta,68,Female
WACO.2021.508,WACO21-508,9/7/2021,Willapa,Nahcotta,55,Female
WACO.2021.509,WACO21-509,9/7/2021,Willapa,Nahcotta,55,Female
WACO.2021.510,WACO21-510,9/7/2021,Willapa,Nahcotta,60,Male
WACO.2021.511,WACO21-511,9/7/2021,Willapa,Nahcotta,68,Male
WACO.2021.512,WACO21-512,9/7/2021,Willapa,Nahcotta,71,Male
WACO.2021.513,WACO21-513,9/7/2021,Willapa,Nahcotta,61,Female
WACO.2021.514,WACO21-514,9/7/2021,Willapa,Nahcotta,60,Female
WACO.2021.515,WACO21-515,9/7/2021,Willapa,Nahcotta,51,Female
WACO.2021.516,WACO21-516,9/7/2021,Willapa,Nahcotta,55,Female
WACO.2021.517,WACO21-517,9/7/2021,Willapa,Nahcotta,45,Male
WACO.2021.518,WACO21-518,9/7/2021,Willapa,Nahcotta,58,Female
WACO.2021.519,WACO21-519,9/7/2021,Willapa,Nahcotta,46,Male
WACO.2021.520,WACO21-520,9/7/2021,Willapa,Nahcotta,53,Female
WACO.2021.521,WACO21-521,9/7/2021,Willapa,Nahcotta,60,Female
WACO.2021.522,WACO21-522,9/7/2021,Willapa,Nahcotta,45,Female
WACO.2021.523,WACO21-523,9/7/2021,Willapa,Nahcotta,56,Male
WACO.2021.524,WACO21-524,9/7/2021,Willapa,Nahcotta,60,Female
WACO.2021.525,WACO21-525,9/7/2021,Willapa,Nahcotta,59,Male
WACO.2021.526,WACO21-526,9/7/2021,Willapa,Nahcotta,63,Male
WACO.2021.527,WACO21-527,9/7/2021,Willapa,Nahcotta,58,Female
WACO.2021.528,WACO21-528,9/7/2021,Willapa,Nahcotta,67,Female
WACO.2021.529,WACO21-529,9/7/2021,Willapa,Nahcotta,56,Female
WACO.2021.530,WACO21-530,9/7/2021,Willapa,Nahcotta,57,Male
WACO.2021.531,WACO21-531,9/7/2021,Willapa,Nahcotta,60,Male
WACO.2021.532,WACO21-532,9/7/2021,Willapa,Nahcotta,59,Male
WACO.2021.533,WACO21-533,9/7/2021,Willapa,Nahcotta,56,Female
WACO.2021.534,WACO21-534,9/7/2021,Willapa,Nahcotta,57,Female
WACO.2021.535,WACO21-535,9/7/2021,Willapa,Nahcotta,57,Male
WACO.2021.536,WACO21-536,9/7/2021,Willapa,Nahcotta,57,Female
WACO.2021.537,WACO21-537,9/7/2021,Willapa,Nahcotta,56,Male
WACO.2021.538,WACO21-538,9/7/2021,Willapa,Nahcotta,66,Male
WACO.2021.539,WACO21-539,9/7/2021,Willapa,Nahcotta,62,Male
WACO.2021.540,WACO21-540,9/7/2021,Willapa,Nahcotta,61,Female
WACO.2021.541,WACO21-541,9/7/2021,Willapa,Nahcotta,58,Male
WACO.2021.542,WACO21-542,9/7/2021,Willapa,Nahcotta,60,Male
WACO.2021.543,WACO21-543,9/7/2021,Willapa,Nahcotta,61,Female
WACO.2021.544,WACO21-544,9/7/2021,Willapa,Nahcotta,64,Female
WACO.2021.545,WACO21-545,9/7/2021,Willapa,Nahcotta,64,Male
WACO.2021.546,WACO21-546,9/7/2021,Willapa,Nahcotta,59,Male
WACO.2021.547,WACO21-547,9/7/2021,Willapa,Nahcotta,75,Male
WACO.2021.548,WACO21-548,9/7/2021,Willapa,Nahcotta,62,Female
WACO.2021.549,WACO21-549,9/7/2021,Willapa,Nahcotta,61,Male
WACO.2021.550,WACO21-550,9/7/2021,Willapa,Nahcotta,57,Female
WACO.2021.551,WACO21-551,9/7/2021,Willapa,Nahcotta,65,Female
WACO.2021.552,WACO21-552,9/7/2021,Willapa,Nahcotta,49,Male
WACO.2021.553,WACO21-553,9/7/2021,Willapa,Nahcotta,43,Female
WACO.2021.554,WACO21-554,9/7/2021,Willapa,Nahcotta,60,Male
WACO.2021.555,WACO21-555,9/7/2021,Willapa,Nahcotta,62,Female
WACO.2021.556,WACO21-556,9/7/2021,Willapa,Nahcotta,57,Female
WACO.2021.557,WACO21-557,9/7/2021,Willapa,Nahcotta,51,Female
WACO.2021.558,WACO21-558,9/7/2021,Willapa,Nahcotta,60,Female
WACO.2021.559,WACO21-559,9/7/2021,Willapa,Nahcotta,77,Male
WACO.2021.560,WACO21-560,9/7/2021,Willapa,Nahcotta,61,Female
WACO.2021.561,WACO21-561,9/7/2021,Willapa,Nahcotta,49,Male
WACO.2021.562,WACO21-562,9/7/2021,Willapa,Nahcotta,51,Male
WACO.2021.563,WACO21-563,9/7/2021,Willapa,Nahcotta,84,Male
WACO.2021.564,WACO21-564,9/7/2021,Willapa,Nahcotta,69,Male
WACO.2021.565,WACO21-565,9/7/2021,Willapa,Nahcotta,68,Male
WACO.2021.566,WACO21-566,9/7/2021,Willapa,Nahcotta,56,Male
WACO.2021.567,WACO21-567,9/7/2021,Willapa,Nahcotta,50,Male
WACO.2021.568,WACO21-568,9/7/2021,Willapa,Nahcotta,51,Male
WACO.2021.569,WACO21-569,9/7/2021,Willapa,Nahcotta,89,Male
WACO.2021.570,WACO21-570,9/7/2021,Willapa,Nahcotta,73,Male
WACO.2021.571,WACO21-571,9/7/2021,Willapa,Nahcotta,65,Male
WACO.2021.572,WACO21-572,9/7/2021,Willapa,Nahcotta,60,Female
WACO.2021.573,WACO21-573,9/7/2021,Willapa,Nahcotta,60,Male
WACO.2021.574,WACO21-574,9/7/2021,Willapa,Nahcotta,65,Female
WACO.2021.575,WACO21-575,9/7/2021,Willapa,Nahcotta,63,Male
WACO.2021.576,WACO21-576,9/7/2021,Willapa,Nahcotta,59,Female
WACO.2021.577,WACO21-577,9/7/2021,Willapa,Nahcotta,71,Female
WACO.2021.578,WACO21-578,9/7/2021,Willapa,Nahcotta,70,Male
WACO.2021.579,WACO21-579,9/7/2021,Willapa,Nahcotta,52,Male
WACO.2021.580,WACO21-580,9/7/2021,Willapa,Nahcotta,55,Female
WACO.2021.581,WACO21-581,9/7/2021,Willapa,Nahcotta,61,Female
WACO.2021.582,WACO21-582,9/7/2021,Willapa,Nahcotta,61,Female
WACO.2021.583,WACO21-583,9/7/2021,Willapa,Nahcotta,74,Female
WACO.2021.584,WACO21-584,9/7/2021,Willapa,Nahcotta,68,Male
WACO.2021.585,WACO21-585,9/7/2021,Willapa,Nahcotta,67,Male
WACO.2021.586,WACO21-586,9/7/2021,Willapa,Nahcotta,53,Female
WACO.2021.587,WACO21-587,9/7/2021,Willapa,Nahcotta,58,Female
WACO.2021.588,WACO21-588,9/7/2021,Willapa,Nahcotta,47,Female
WACO.2021.589,WACO21-589,9/7/2021,Willapa,Nahcotta,53,Female
WACO.2021.590,WACO21-590,9/7/2021,Willapa,Nahcotta,59,Female
WACO.2021.591,WACO21-591,9/7/2021,Willapa,Nahcotta,69,Male
WACO.2021.592,WACO21-592,9/7/2021,Willapa,Nahcotta,68,Male
WACO.2021.593,WACO21-593,9/7/2021,Willapa,Nahcotta,73,Male
WACO.2021.594,WACO21-594,9/7/2021,Willapa,Nahcotta,78,Male
WACO.2021.595,WACO21-595,9/7/2021,Willapa,Nahcotta,57,Male
WACO.2021.596,WACO21-596,9/7/2021,Willapa,Nahcotta,48,Male
WACO.2021.597,WACO21-597,9/7/2021,Willapa,Nahcotta,52,Female
WACO.2021.598,WACO21-598,9/7/2021,Willapa,Nahcotta,58,Male
WACO.2021.599,WACO21-599,9/7/2021,Willapa,Nahcotta,56,Male
WACO.2021.600,WACO21-600,9/7/2021,Willapa,Oysterville,68,Male
WACO.2021.601,WACO21-601,9/7/2021,Willapa,Oysterville,62,Male
WACO.2021.602,WACO21-602,9/7/2021,Willapa,Oysterville,58,Female
WACO.2021.603,WACO21-603,9/7/2021,Willapa,Oysterville,57,Male
WACO.2021.604,WACO21-604,9/7/2021,Willapa,Oysterville,56,Male
WACO.2021.605,WACO21-605,9/7/2021,Willapa,Oysterville,57,Female
WACO.2021.606,WACO21-606,9/7/2021,Willapa,Oysterville,64,Female
WACO.2021.607,WACO21-607,9/7/2021,Willapa,Oysterville,69,Female
WACO.2021.608,WACO21-608,9/7/2021,Willapa,Oysterville,56,Female
WACO.2021.609,WACO21-609,9/7/2021,Willapa,Oysterville,64,Female
WACO.2021.610,WACO21-610,9/7/2021,Willapa,Oysterville,63,Female
WACO.2021.611,WACO21-611,9/7/2021,Willapa,Oysterville,67,Female
WACO.2021.612,WACO21-612,9/7/2021,Willapa,Oysterville,71,Male
WACO.2021.613,WACO21-613,9/7/2021,Willapa,Oysterville,64,Female
WACO.2021.614,WACO21-614,9/7/2021,Willapa,Oysterville,47,Female
WACO.2021.615,WACO21-615,9/7/2021,Willapa,Oysterville,60,Female
WACO.2021.616,WACO21-616,9/7/2021,Willapa,Oysterville,55,Female
WACO.2021.617,WACO21-617,9/7/2021,Willapa,Oysterville,65,Male
WACO.2021.618,WACO21-618,9/7/2021,Willapa,Oysterville,55,Male
WACO.2021.619,WACO21-619,9/7/2021,Willapa,Oysterville,77,Male
WACO.2021.620,WACO21-620,9/7/2021,Willapa,Oysterville,80,Female
WACO.2021.621,WACO21-621,9/7/2021,Willapa,Oysterville,56,Female
WACO.2021.622,WACO21-622,9/7/2021,Willapa,Oysterville,49,Female
WACO.2021.623,WACO21-623,9/7/2021,Willapa,Nahcotta,65,Male
WACO.2021.624,WACO21-624,9/7/2021,Willapa,Nahcotta,63,Female
WACO.2021.625,WACO21-625,9/7/2021,Willapa,Nahcotta,68,Male
WACO.2021.626,WACO21-626,9/7/2021,Willapa,Nahcotta,52,Male
WACO.2021.627,WACO21-627,9/7/2021,Willapa,Nahcotta,49,Female
WACO.2021.628,WACO21-628,9/7/2021,Willapa,Stackpole,47,Male
WACO.2021.629,WACO21-629,9/7/2021,Willapa,Stackpole,55,Male
WACO.2021.630,WACO21-630,9/7/2021,Willapa,Stackpole,45,Female
WACO.2021.631,WACO21-631,9/7/2021,Willapa,Stackpole,76,Male
WACO.2021.632,WACO21-632,9/7/2021,Willapa,Stackpole,57,Male
WACO.2021.633,WACO21-633,9/7/2021,Willapa,Stackpole,55,Female
WACO.2021.634,WACO21-634,9/7/2021,Willapa,Stackpole,52,Male
WACO.2021.635,WACO21-635,9/7/2021,Willapa,Stackpole,62,Female
WACO.2021.636,WACO21-636,9/7/2021,Willapa,Stackpole,51,Female
WACO.2021.637,WACO21-637,9/7/2021,Willapa,Stackpole,53,Female
WACO.2021.638,WACO21-638,9/7/2021,Willapa,Stackpole,60,Female
WACO.2021.639,WACO21-639,9/7/2021,Willapa,Stackpole,62,Male
WACO.2021.640,WACO21-640,9/7/2021,Willapa,Stackpole,56,Male
WACO.2021.641,WACO21-641,9/7/2021,Willapa,Stackpole,56,Male
WACO.2021.642,WACO21-642,9/7/2021,Willapa,Stackpole,78,Male
WACO.2021.643,WACO21-643,9/7/2021,Willapa,Stackpole,70,Male
WACO.2021.644,WACO21-644,9/7/2021,Willapa,Stackpole,63,Male
WACO.2021.645,WACO21-645,9/7/2021,Willapa,Stackpole,65,Male
WACO.2021.646,WACO21-646,9/7/2021,Willapa,Stackpole,57,Male
WACO.2021.647,WACO21-647,9/7/2021,Willapa,Stackpole,56,Female
WACO.2021.648,WACO21-648,9/7/2021,Willapa,Stackpole,58,Female
WACO.2021.649,WACO21-649,9/7/2021,Willapa,Stackpole,60,Female
WACO.2021.650,WACO21-650,9/7/2021,Willapa,Stackpole,56,Female
WACO.2021.651,WACO21-651,9/7/2021,Willapa,Stackpole,55,Female
WACO.2021.652,WACO21-652,9/7/2021,Willapa,Stackpole,54,Male
WACO.2021.653,WACO21-653,9/7/2021,Willapa,Stackpole,57,Female
WACO.2021.654,WACO21-654,9/7/2021,Willapa,Stackpole,43,Male
WACO.2021.655,WACO21-655,9/7/2021,Willapa,Stackpole,44,Male
WACO.2021.656,WACO21-656,9/7/2021,Willapa,Stackpole,47,Male
WACO.2021.657,WACO21-657,9/7/2021,Willapa,Stackpole,50,Female
WACO.2021.658,WACO21-658,9/7/2021,Willapa,Stackpole,46,Male
WACO.2021.659,WACO21-659,9/7/2021,Willapa,Stackpole,80,Male
WACO.2021.660,WACO21-660,9/7/2021,Willapa,Stackpole,43,Male
WACO.2021.661,WACO21-661,9/7/2021,Willapa,Stackpole,55,Male
WACO.2021.662,WACO21-662,9/7/2021,Willapa,Stackpole,62,Male
WACO.2021.663,WACO21-663,9/7/2021,Willapa,Stackpole,65,Male
WACO.2021.664,WACO21-664,9/7/2021,Willapa,Stackpole,64,Female
WACO.2021.665,WACO21-665,9/7/2021,Willapa,Stackpole,61,Male
WACO.2021.666,WACO21-666,9/7/2021,Willapa,Stackpole,56,Female
WACO.2021.667,WACO21-667,9/7/2021,Willapa,Stackpole,57,Male
WACO.2021.668,WACO21-668,9/7/2021,Willapa,Stackpole,50,Female
