Sample_name,Locus.x,sample_id,sample,tech,Hash,nReads,rank,kingdom,phylum,class,order,family,genus,species,taxon,type,Run,Locus.y,EGC_ID,site_month,mc_rm
9,BF3,WACO21-134-c,WACO21-134,3,236bca3206ed3c0579926bb1ee98706ea6e8e5d4,18,species,Metazoa,Arthropoda,Malacostraca,Decapoda,Cancridae,Metacarcinus,Metacarcinus magister,Metacarcinus magister,Sample,3,BF3,WACO.2021.134,Long Beach-May,1
10,BF3,WACO21-601-a,WACO21-601,1,82be35e1ac92969b89b76b992719482716fa7b66,164,species,NA,NA,Phaeophyceae,Ectocarpales,Scytosiphonaceae,Scytosiphon,Scytosiphon lomentaria,Scytosiphon lomentaria,Sample,3,BF3,WACO.2021.601,Oysterville-Sep,0
11,BF3,WACO21-601-b,WACO21-601,2,82be35e1ac92969b89b76b992719482716fa7b66,11,species,NA,NA,Phaeophyceae,Ectocarpales,Scytosiphonaceae,Scytosiphon,Scytosiphon lomentaria,Scytosiphon lomentaria,Sample,3,BF3,WACO.2021.601,Oysterville-Sep,0
11,BF3,WACO21-601-b,WACO21-601,2,7bcd262b430790f4ad4d5b5be8c5fec00c59f07a,36,species,NA,Rhodophyta,Bangiophyceae,Bangiales,Bangiaceae,Neoporphyra,Neoporphyra haitanensis,Neoporphyra haitanensis,Sample,3,BF3,WACO.2021.601,Oysterville-Sep,0
13,BF3,WACO21-603-a,WACO21-603,1,5cc5bda34a61687ff23dd35422f3f67055889af9,73022,species,Metazoa,Arthropoda,Malacostraca,Decapoda,Crangonidae,Crangon,Crangon franciscorum,Crangon franciscorum,Sample,3,BF3,WACO.2021.603,Oysterville-Sep,1
13,BF3,WACO21-603-a,WACO21-603,1,4aed3f07f5a73b27e0c0dee1830d564cc3dd21aa,912,species,Metazoa,Arthropoda,Malacostraca,Amphipoda,Corophiidae,Grandidierella,Grandidierella japonica,Grandidierella japonica,Sample,3,BF3,WACO.2021.603,Oysterville-Sep,0
13,BF3,WACO21-603-a,WACO21-603,1,c7da9b8b57c437dbba6cd0d4c32bf462d692e82b,110,species,Metazoa,Annelida,Polychaeta,Spionida,Spionidae,Pseudopolydora,Pseudopolydora bassarginensis,Pseudopolydora bassarginensis,Sample,3,BF3,WACO.2021.603,Oysterville-Sep,0
13,BF3,WACO21-603-a,WACO21-603,1,f7b36d53137a39d7135a54fbee5cf382fa62e4cc,11,species,Metazoa,Arthropoda,Malacostraca,Amphipoda,Corophiidae,Monocorophium,Monocorophium insidiosum,Monocorophium insidiosum,Sample,3,BF3,WACO.2021.603,Oysterville-Sep,0
13,BF3,WACO21-603-a,WACO21-603,1,7393890b2caadbd8e34efc96d26efd79b48e4bbc,16,species,Metazoa,Annelida,Polychaeta,Spionida,Spionidae,Pseudopolydora,Pseudopolydora paucibranchiata,Pseudopolydora paucibranchiata,Sample,3,BF3,WACO.2021.603,Oysterville-Sep,0
14,BF3,WACO21-603-b,WACO21-603,2,5cc5bda34a61687ff23dd35422f3f67055889af9,69810,species,Metazoa,Arthropoda,Malacostraca,Decapoda,Crangonidae,Crangon,Crangon franciscorum,Crangon franciscorum,Sample,3,BF3,WACO.2021.603,Oysterville-Sep,1
14,BF3,WACO21-603-b,WACO21-603,2,be852773dcb909015503058be361a92ce69848bd,1700,species,Metazoa,Arthropoda,Malacostraca,Decapoda,Crangonidae,Crangon,Crangon franciscorum,Crangon franciscorum,Sample,3,BF3,WACO.2021.603,Oysterville-Sep,1
14,BF3,WACO21-603-b,WACO21-603,2,4aed3f07f5a73b27e0c0dee1830d564cc3dd21aa,871,species,Metazoa,Arthropoda,Malacostraca,Amphipoda,Corophiidae,Grandidierella,Grandidierella japonica,Grandidierella japonica,Sample,3,BF3,WACO.2021.603,Oysterville-Sep,0
14,BF3,WACO21-603-b,WACO21-603,2,c7da9b8b57c437dbba6cd0d4c32bf462d692e82b,356,species,Metazoa,Annelida,Polychaeta,Spionida,Spionidae,Pseudopolydora,Pseudopolydora bassarginensis,Pseudopolydora bassarginensis,Sample,3,BF3,WACO.2021.603,Oysterville-Sep,0
14,BF3,WACO21-603-b,WACO21-603,2,073ad0dac8201fb89a9c60e0dd1c95b3ab3375c7,39,species,Metazoa,Arthropoda,Malacostraca,Amphipoda,Corophiidae,Grandidierella,Grandidierella japonica,Grandidierella japonica,Sample,3,BF3,WACO.2021.603,Oysterville-Sep,0
14,BF3,WACO21-603-b,WACO21-603,2,f7b36d53137a39d7135a54fbee5cf382fa62e4cc,5,species,Metazoa,Arthropoda,Malacostraca,Amphipoda,Corophiidae,Monocorophium,Monocorophium insidiosum,Monocorophium insidiosum,Sample,3,BF3,WACO.2021.603,Oysterville-Sep,0
14,BF3,WACO21-603-b,WACO21-603,2,0325cbd261961b10c3687002b628d1a5fd6119ca,11,species,Metazoa,Annelida,Polychaeta,Spionida,Spionidae,Pseudopolydora,Pseudopolydora paucibranchiata,Pseudopolydora paucibranchiata,Sample,3,BF3,WACO.2021.603,Oysterville-Sep,0
14,BF3,WACO21-603-b,WACO21-603,2,177c8c771a095b0ecf006dcb54b8042ca473567c,5,family,Viridiplantae,Streptophyta,Magnoliopsida,Alismatales,Zosteraceae,NA,NA,Zosteraceae,Sample,3,BF3,WACO.2021.603,Oysterville-Sep,0
15,BF3,WACO21-603-c,WACO21-603,3,5cc5bda34a61687ff23dd35422f3f67055889af9,60234,species,Metazoa,Arthropoda,Malacostraca,Decapoda,Crangonidae,Crangon,Crangon franciscorum,Crangon franciscorum,Sample,3,BF3,WACO.2021.603,Oysterville-Sep,1
15,BF3,WACO21-603-c,WACO21-603,3,4aed3f07f5a73b27e0c0dee1830d564cc3dd21aa,835,species,Metazoa,Arthropoda,Malacostraca,Amphipoda,Corophiidae,Grandidierella,Grandidierella japonica,Grandidierella japonica,Sample,3,BF3,WACO.2021.603,Oysterville-Sep,0
15,BF3,WACO21-603-c,WACO21-603,3,c7da9b8b57c437dbba6cd0d4c32bf462d692e82b,112,species,Metazoa,Annelida,Polychaeta,Spionida,Spionidae,Pseudopolydora,Pseudopolydora bassarginensis,Pseudopolydora bassarginensis,Sample,3,BF3,WACO.2021.603,Oysterville-Sep,0
15,BF3,WACO21-603-c,WACO21-603,3,f7b36d53137a39d7135a54fbee5cf382fa62e4cc,19,species,Metazoa,Arthropoda,Malacostraca,Amphipoda,Corophiidae,Monocorophium,Monocorophium insidiosum,Monocorophium insidiosum,Sample,3,BF3,WACO.2021.603,Oysterville-Sep,0
15,BF3,WACO21-603-c,WACO21-603,3,c3e9aa9ab97868d2b83e56457ef4de21f5de8565,15,species,Metazoa,Annelida,Polychaeta,Spionida,Spionidae,Pseudopolydora,Pseudopolydora paucibranchiata,Pseudopolydora paucibranchiata,Sample,3,BF3,WACO.2021.603,Oysterville-Sep,0
15,BF3,WACO21-603-c,WACO21-603,3,8e6006ce3d874c772f46cfbe46c5ffabcab475a1,9,species,Metazoa,Annelida,Polychaeta,Spionida,Spionidae,Pseudopolydora,Pseudopolydora paucibranchiata,Pseudopolydora paucibranchiata,Sample,3,BF3,WACO.2021.603,Oysterville-Sep,0
15,BF3,WACO21-603-c,WACO21-603,3,06ef46a272ad68565889f479e50cc400d21be6bc,3,family,Viridiplantae,Streptophyta,Magnoliopsida,Alismatales,Zosteraceae,NA,NA,Zosteraceae,Sample,3,BF3,WACO.2021.603,Oysterville-Sep,0
16,BF3,WACO21-604-a,WACO21-604,1,5cc5bda34a61687ff23dd35422f3f67055889af9,100562,species,Metazoa,Arthropoda,Malacostraca,Decapoda,Crangonidae,Crangon,Crangon franciscorum,Crangon franciscorum,Sample,3,BF3,WACO.2021.604,Oysterville-Sep,1
16,BF3,WACO21-604-a,WACO21-604,1,c7dc7bfd78439dab67542ae05d37f044aaa9e5bd,15,species,Metazoa,Arthropoda,Malacostraca,Decapoda,Crangonidae,Crangon,Crangon franciscorum,Crangon franciscorum,Sample,3,BF3,WACO.2021.604,Oysterville-Sep,0
17,BF3,WACO21-604-b,WACO21-604,2,5cc5bda34a61687ff23dd35422f3f67055889af9,97839,species,Metazoa,Arthropoda,Malacostraca,Decapoda,Crangonidae,Crangon,Crangon franciscorum,Crangon franciscorum,Sample,3,BF3,WACO.2021.604,Oysterville-Sep,1
17,BF3,WACO21-604-b,WACO21-604,2,8641dba067f48281fa5f410f0ebceed58940ca41,3,species,Metazoa,Arthropoda,Malacostraca,Decapoda,Crangonidae,Crangon,Crangon crangon,Crangon crangon,Sample,3,BF3,WACO.2021.604,Oysterville-Sep,0
18,BF3,WACO21-604-c,WACO21-604,3,5cc5bda34a61687ff23dd35422f3f67055889af9,116544,species,Metazoa,Arthropoda,Malacostraca,Decapoda,Crangonidae,Crangon,Crangon franciscorum,Crangon franciscorum,Sample,3,BF3,WACO.2021.604,Oysterville-Sep,1
18,BF3,WACO21-604-c,WACO21-604,3,c7dc7bfd78439dab67542ae05d37f044aaa9e5bd,10,species,Metazoa,Arthropoda,Malacostraca,Decapoda,Crangonidae,Crangon,Crangon franciscorum,Crangon franciscorum,Sample,3,BF3,WACO.2021.604,Oysterville-Sep,0
18,BF3,WACO21-604-c,WACO21-604,3,a5456fba78b441cef1a8ee900580d19320e7bdec,7,species,NA,NA,Phaeophyceae,Ectocarpales,Ectocarpaceae,Ectocarpus,Ectocarpus fasciculatus,Ectocarpus fasciculatus,Sample,3,BF3,WACO.2021.604,Oysterville-Sep,0
20,BF3,WACO21-610-b,WACO21-610,2,5cc5bda34a61687ff23dd35422f3f67055889af9,50832,species,Metazoa,Arthropoda,Malacostraca,Decapoda,Crangonidae,Crangon,Crangon franciscorum,Crangon franciscorum,Sample,3,BF3,WACO.2021.610,Oysterville-Sep,1
20,BF3,WACO21-610-b,WACO21-610,2,be852773dcb909015503058be361a92ce69848bd,1365,species,Metazoa,Arthropoda,Malacostraca,Decapoda,Crangonidae,Crangon,Crangon franciscorum,Crangon franciscorum,Sample,3,BF3,WACO.2021.610,Oysterville-Sep,1
20,BF3,WACO21-610-b,WACO21-610,2,a7818c9c04fd44e60a484bf54ef42d9e99e202f4,155,species,Metazoa,Arthropoda,Malacostraca,Decapoda,Crangonidae,Crangon,Crangon franciscorum,Crangon franciscorum,Sample,3,BF3,WACO.2021.610,Oysterville-Sep,0
21,BF3,WACO21-610-c,WACO21-610,3,5cc5bda34a61687ff23dd35422f3f67055889af9,79981,species,Metazoa,Arthropoda,Malacostraca,Decapoda,Crangonidae,Crangon,Crangon franciscorum,Crangon franciscorum,Sample,3,BF3,WACO.2021.610,Oysterville-Sep,1
21,BF3,WACO21-610-c,WACO21-610,3,a7818c9c04fd44e60a484bf54ef42d9e99e202f4,240,species,Metazoa,Arthropoda,Malacostraca,Decapoda,Crangonidae,Crangon,Crangon franciscorum,Crangon franciscorum,Sample,3,BF3,WACO.2021.610,Oysterville-Sep,0
28,BF3,WACO21-099-a,WACO21-099,1,278a4b5387c2671463f767cad11892bfc29e503c,70816,species,Metazoa,Arthropoda,Malacostraca,Decapoda,Crangonidae,Crangon,Crangon sp. UF_53625,Crangon sp. UF_53625,Sample,3,BF3,WACO.2021.099,Oysterville-May,0
28,BF3,WACO21-099-a,WACO21-099,1,5912de453e37344840868fe7776e6f84659742f2,140,species,Metazoa,Arthropoda,Malacostraca,Decapoda,Varunidae,Hemigrapsus,Hemigrapsus oregonensis,Hemigrapsus oregonensis,Sample,3,BF3,WACO.2021.099,Oysterville-May,1
28,BF3,WACO21-099-a,WACO21-099,1,a7a3886605a6ac27c4d4939b8c942b67aaf89b51,54,species,Metazoa,Arthropoda,Malacostraca,Amphipoda,Ampithoidae,Ampithoe,Ampithoe valida,Ampithoe valida,Sample,3,BF3,WACO.2021.099,Oysterville-May,0
28,BF3,WACO21-099-a,WACO21-099,1,61eb855c095a110a40be687531e528079f8b4a35,9,species,NA,NA,Phaeophyceae,Ectocarpales,Chordariaceae,Myrionema,Myrionema balticum,Myrionema balticum,Sample,3,BF3,WACO.2021.099,Oysterville-May,0
28,BF3,WACO21-099-a,WACO21-099,1,361521213d95b783f978975cd0ffff2c29f5f91a,16,species,Metazoa,Annelida,Polychaeta,Phyllodocida,Polynoidae,Harmothoe,Harmothoe aff. imbricata CMC01,Harmothoe aff. imbricata CMC01,Sample,3,BF3,WACO.2021.099,Oysterville-May,0
28,BF3,WACO21-099-a,WACO21-099,1,d4d3a5652722e8cd8f0489688d842e516b586544,29,species,Metazoa,Arthropoda,Malacostraca,Decapoda,Crangonidae,Crangon,Crangon sp. UF_53625,Crangon sp. UF_53625,Sample,3,BF3,WACO.2021.099,Oysterville-May,0
28,BF3,WACO21-099-a,WACO21-099,1,e5d3d31ec7ee2c09627ccc2764b250f00af9fa27,15,genus,Metazoa,Arthropoda,Malacostraca,Decapoda,Crangonidae,Crangon,NA,Crangon,Sample,3,BF3,WACO.2021.099,Oysterville-May,0
29,BF3,WACO21-099-b,WACO21-099,2,278a4b5387c2671463f767cad11892bfc29e503c,62590,species,Metazoa,Arthropoda,Malacostraca,Decapoda,Crangonidae,Crangon,Crangon sp. UF_53625,Crangon sp. UF_53625,Sample,3,BF3,WACO.2021.099,Oysterville-May,0
29,BF3,WACO21-099-b,WACO21-099,2,5912de453e37344840868fe7776e6f84659742f2,155,species,Metazoa,Arthropoda,Malacostraca,Decapoda,Varunidae,Hemigrapsus,Hemigrapsus oregonensis,Hemigrapsus oregonensis,Sample,3,BF3,WACO.2021.099,Oysterville-May,1
29,BF3,WACO21-099-b,WACO21-099,2,615353d8c93c88d9a9d3dff7ca38a44fe8b35333,53,species,Metazoa,Arthropoda,Malacostraca,Decapoda,Varunidae,Hemigrapsus,Hemigrapsus oregonensis,Hemigrapsus oregonensis,Sample,3,BF3,WACO.2021.099,Oysterville-May,0
29,BF3,WACO21-099-b,WACO21-099,2,a7a3886605a6ac27c4d4939b8c942b67aaf89b51,29,species,Metazoa,Arthropoda,Malacostraca,Amphipoda,Ampithoidae,Ampithoe,Ampithoe valida,Ampithoe valida,Sample,3,BF3,WACO.2021.099,Oysterville-May,0
29,BF3,WACO21-099-b,WACO21-099,2,361521213d95b783f978975cd0ffff2c29f5f91a,21,species,Metazoa,Annelida,Polychaeta,Phyllodocida,Polynoidae,Harmothoe,Harmothoe aff. imbricata CMC01,Harmothoe aff. imbricata CMC01,Sample,3,BF3,WACO.2021.099,Oysterville-May,0
29,BF3,WACO21-099-b,WACO21-099,2,ad18b2a0096c72db1cfaf614e0e457929fdd66a2,32,species,Metazoa,Arthropoda,Malacostraca,Decapoda,Crangonidae,Crangon,Crangon sp. UF_53625,Crangon sp. UF_53625,Sample,3,BF3,WACO.2021.099,Oysterville-May,0
29,BF3,WACO21-099-b,WACO21-099,2,14770e63b6de729116efeb2aa0558af5324b745c,16,family,NA,NA,Phaeophyceae,Ectocarpales,Chordariaceae,NA,NA,Chordariaceae,Sample,3,BF3,WACO.2021.099,Oysterville-May,0
29,BF3,WACO21-099-b,WACO21-099,2,a9479654ecf3f9a4167f944b9d9eefd2fa4335e9,10,species,Metazoa,Arthropoda,Malacostraca,Decapoda,Crangonidae,Crangon,Crangon sp. UF_53625,Crangon sp. UF_53625,Sample,3,BF3,WACO.2021.099,Oysterville-May,0
29,BF3,WACO21-099-b,WACO21-099,2,122a144a9eac0fb86d5b0591c4f6153ac3ddd8a7,2,species,NA,NA,Phaeophyceae,Ectocarpales,Scytosiphonaceae,Scytosiphon,Scytosiphon sp. Mitopromiscuus,Scytosiphon sp. Mitopromiscuus,Sample,3,BF3,WACO.2021.099,Oysterville-May,0
29,BF3,WACO21-099-b,WACO21-099,2,122a144a9eac0fb86d5b0591c4f6153ac3ddd8a7,2,genus,NA,NA,Phaeophyceae,Ectocarpales,Scytosiphonaceae,Scytosiphon,NA,Scytosiphon,Sample,3,BF3,WACO.2021.099,Oysterville-May,0
29,BF3,WACO21-099-b,WACO21-099,2,122a144a9eac0fb86d5b0591c4f6153ac3ddd8a7,2,genus,NA,NA,Phaeophyceae,Ectocarpales,Scytosiphonaceae,Scytosiphon,NA,Scytosiphon,Sample,3,BF3,WACO.2021.099,Oysterville-May,0
29,BF3,WACO21-099-b,WACO21-099,2,122a144a9eac0fb86d5b0591c4f6153ac3ddd8a7,2,genus,NA,NA,Phaeophyceae,Ectocarpales,Scytosiphonaceae,Scytosiphon,NA,Scytosiphon,Sample,3,BF3,WACO.2021.099,Oysterville-May,0
30,BF3,WACO21-099-c,WACO21-099,3,278a4b5387c2671463f767cad11892bfc29e503c,67322,species,Metazoa,Arthropoda,Malacostraca,Decapoda,Crangonidae,Crangon,Crangon sp. UF_53625,Crangon sp. UF_53625,Sample,3,BF3,WACO.2021.099,Oysterville-May,0
30,BF3,WACO21-099-c,WACO21-099,3,5912de453e37344840868fe7776e6f84659742f2,177,species,Metazoa,Arthropoda,Malacostraca,Decapoda,Varunidae,Hemigrapsus,Hemigrapsus oregonensis,Hemigrapsus oregonensis,Sample,3,BF3,WACO.2021.099,Oysterville-May,1
30,BF3,WACO21-099-c,WACO21-099,3,12478f3aee6d8be9737e594b93f8ad0157a275d8,944,species,Metazoa,Arthropoda,Malacostraca,Decapoda,Crangonidae,Crangon,Crangon sp. UF_53625,Crangon sp. UF_53625,Sample,3,BF3,WACO.2021.099,Oysterville-May,0
30,BF3,WACO21-099-c,WACO21-099,3,a7a3886605a6ac27c4d4939b8c942b67aaf89b51,79,species,Metazoa,Arthropoda,Malacostraca,Amphipoda,Ampithoidae,Ampithoe,Ampithoe valida,Ampithoe valida,Sample,3,BF3,WACO.2021.099,Oysterville-May,0
30,BF3,WACO21-099-c,WACO21-099,3,361521213d95b783f978975cd0ffff2c29f5f91a,39,species,Metazoa,Annelida,Polychaeta,Phyllodocida,Polynoidae,Harmothoe,Harmothoe aff. imbricata CMC01,Harmothoe aff. imbricata CMC01,Sample,3,BF3,WACO.2021.099,Oysterville-May,0
30,BF3,WACO21-099-c,WACO21-099,3,ad18b2a0096c72db1cfaf614e0e457929fdd66a2,16,species,Metazoa,Arthropoda,Malacostraca,Decapoda,Crangonidae,Crangon,Crangon sp. UF_53625,Crangon sp. UF_53625,Sample,3,BF3,WACO.2021.099,Oysterville-May,0
30,BF3,WACO21-099-c,WACO21-099,3,0c5059b51a6866b30511086db2012f101860aba0,19,species,Metazoa,Arthropoda,Malacostraca,Decapoda,Crangonidae,Crangon,Crangon sp. UF_53625,Crangon sp. UF_53625,Sample,3,BF3,WACO.2021.099,Oysterville-May,0
30,BF3,WACO21-099-c,WACO21-099,3,01947b73d09d6762188c47730c26523db4f833c9,12,species,Metazoa,Arthropoda,Malacostraca,Decapoda,Crangonidae,Crangon,Crangon sp. UF_53625,Crangon sp. UF_53625,Sample,3,BF3,WACO.2021.099,Oysterville-May,0
31,BF3,WACO21-114-a,WACO21-114,1,3a6c3492df5014cfaf9a90940efb1478298ef65b,24657,species,Metazoa,Chordata,Actinopteri,Perciformes,Cottidae,Leptocottus,Leptocottus armatus,Leptocottus armatus,Sample,3,BF3,WACO.2021.114,Oysterville-May,0
31,BF3,WACO21-114-a,WACO21-114,1,1339fba7cb57e1600c4dede71f8c98cfc0591712,17149,species,Metazoa,Chordata,Actinopteri,Perciformes,Cottidae,Leptocottus,Leptocottus armatus,Leptocottus armatus,Sample,3,BF3,WACO.2021.114,Oysterville-May,0
31,BF3,WACO21-114-a,WACO21-114,1,c0ba8f455ac9b3f1755b38483cb89443fb007624,136,species,Metazoa,Chordata,Actinopteri,Perciformes,Cottidae,Leptocottus,Leptocottus armatus,Leptocottus armatus,Sample,3,BF3,WACO.2021.114,Oysterville-May,0
31,BF3,WACO21-114-a,WACO21-114,1,f6c21c2efd29eae415fbd2511e291c2d7ab33bba,122,species,Metazoa,Chordata,Actinopteri,Perciformes,Cottidae,Leptocottus,Leptocottus armatus,Leptocottus armatus,Sample,3,BF3,WACO.2021.114,Oysterville-May,0
31,BF3,WACO21-114-a,WACO21-114,1,abc38bf2d87eaeedfe9b2db5c9c0f00a502f468d,170,species,Metazoa,Chordata,Actinopteri,Perciformes,Cottidae,Leptocottus,Leptocottus armatus,Leptocottus armatus,Sample,3,BF3,WACO.2021.114,Oysterville-May,0
32,BF3,WACO21-114-b,WACO21-114,2,3a6c3492df5014cfaf9a90940efb1478298ef65b,31376,species,Metazoa,Chordata,Actinopteri,Perciformes,Cottidae,Leptocottus,Leptocottus armatus,Leptocottus armatus,Sample,3,BF3,WACO.2021.114,Oysterville-May,0
32,BF3,WACO21-114-b,WACO21-114,2,1339fba7cb57e1600c4dede71f8c98cfc0591712,18479,species,Metazoa,Chordata,Actinopteri,Perciformes,Cottidae,Leptocottus,Leptocottus armatus,Leptocottus armatus,Sample,3,BF3,WACO.2021.114,Oysterville-May,0
32,BF3,WACO21-114-b,WACO21-114,2,c0ba8f455ac9b3f1755b38483cb89443fb007624,274,species,Metazoa,Chordata,Actinopteri,Perciformes,Cottidae,Leptocottus,Leptocottus armatus,Leptocottus armatus,Sample,3,BF3,WACO.2021.114,Oysterville-May,0
32,BF3,WACO21-114-b,WACO21-114,2,00911add861fcc35bcb99025261e48ba5698e8b6,836,species,Metazoa,Chordata,Actinopteri,Perciformes,Cottidae,Leptocottus,Leptocottus armatus,Leptocottus armatus,Sample,3,BF3,WACO.2021.114,Oysterville-May,0
32,BF3,WACO21-114-b,WACO21-114,2,f6c21c2efd29eae415fbd2511e291c2d7ab33bba,163,species,Metazoa,Chordata,Actinopteri,Perciformes,Cottidae,Leptocottus,Leptocottus armatus,Leptocottus armatus,Sample,3,BF3,WACO.2021.114,Oysterville-May,0
32,BF3,WACO21-114-b,WACO21-114,2,2cd707a6d14c0d4b3ff2c51c539ae4fe8a20207f,348,species,Metazoa,Chordata,Actinopteri,Perciformes,Cottidae,Leptocottus,Leptocottus armatus,Leptocottus armatus,Sample,3,BF3,WACO.2021.114,Oysterville-May,0
32,BF3,WACO21-114-b,WACO21-114,2,60b69281c1d29fbe15a2e14e47548de894c4cbdd,303,species,Metazoa,Chordata,Actinopteri,Perciformes,Cottidae,Leptocottus,Leptocottus armatus,Leptocottus armatus,Sample,3,BF3,WACO.2021.114,Oysterville-May,0
32,BF3,WACO21-114-b,WACO21-114,2,4836cb5c6c997111e88f0de1d886b4aa38a62000,268,species,Metazoa,Chordata,Actinopteri,Perciformes,Cottidae,Leptocottus,Leptocottus armatus,Leptocottus armatus,Sample,3,BF3,WACO.2021.114,Oysterville-May,0
32,BF3,WACO21-114-b,WACO21-114,2,57c0831f06b0d68624a45f539dcf563aa12634bf,203,species,Metazoa,Chordata,Actinopteri,Perciformes,Cottidae,Leptocottus,Leptocottus armatus,Leptocottus armatus,Sample,3,BF3,WACO.2021.114,Oysterville-May,0
32,BF3,WACO21-114-b,WACO21-114,2,945873c4859e1657de84b14d64a3b5e083cf937a,106,species,Metazoa,Chordata,Actinopteri,Perciformes,Cottidae,Leptocottus,Leptocottus armatus,Leptocottus armatus,Sample,3,BF3,WACO.2021.114,Oysterville-May,0
33,BF3,WACO21-114-c,WACO21-114,3,3a6c3492df5014cfaf9a90940efb1478298ef65b,25743,species,Metazoa,Chordata,Actinopteri,Perciformes,Cottidae,Leptocottus,Leptocottus armatus,Leptocottus armatus,Sample,3,BF3,WACO.2021.114,Oysterville-May,0
33,BF3,WACO21-114-c,WACO21-114,3,1339fba7cb57e1600c4dede71f8c98cfc0591712,16285,species,Metazoa,Chordata,Actinopteri,Perciformes,Cottidae,Leptocottus,Leptocottus armatus,Leptocottus armatus,Sample,3,BF3,WACO.2021.114,Oysterville-May,0
33,BF3,WACO21-114-c,WACO21-114,3,8d60810945073e932d73d777a522132791ffa751,667,species,Metazoa,Chordata,Actinopteri,Perciformes,Cottidae,Leptocottus,Leptocottus armatus,Leptocottus armatus,Sample,3,BF3,WACO.2021.114,Oysterville-May,0
33,BF3,WACO21-114-c,WACO21-114,3,c0ba8f455ac9b3f1755b38483cb89443fb007624,291,species,Metazoa,Chordata,Actinopteri,Perciformes,Cottidae,Leptocottus,Leptocottus armatus,Leptocottus armatus,Sample,3,BF3,WACO.2021.114,Oysterville-May,0
33,BF3,WACO21-114-c,WACO21-114,3,00911add861fcc35bcb99025261e48ba5698e8b6,179,species,Metazoa,Chordata,Actinopteri,Perciformes,Cottidae,Leptocottus,Leptocottus armatus,Leptocottus armatus,Sample,3,BF3,WACO.2021.114,Oysterville-May,0
33,BF3,WACO21-114-c,WACO21-114,3,f6c21c2efd29eae415fbd2511e291c2d7ab33bba,136,species,Metazoa,Chordata,Actinopteri,Perciformes,Cottidae,Leptocottus,Leptocottus armatus,Leptocottus armatus,Sample,3,BF3,WACO.2021.114,Oysterville-May,0
33,BF3,WACO21-114-c,WACO21-114,3,d26bd10f3210ddcdaa62e45ccbcc4e614c06c603,208,species,Metazoa,Chordata,Actinopteri,Perciformes,Cottidae,Leptocottus,Leptocottus armatus,Leptocottus armatus,Sample,3,BF3,WACO.2021.114,Oysterville-May,0
33,BF3,WACO21-114-c,WACO21-114,3,68754b921a4925fac3ce7fe01ace0d072e819c35,197,species,Metazoa,Chordata,Actinopteri,Perciformes,Cottidae,Leptocottus,Leptocottus armatus,Leptocottus armatus,Sample,3,BF3,WACO.2021.114,Oysterville-May,0
33,BF3,WACO21-114-c,WACO21-114,3,1eeb68546d1d8afc46f15c3945e0673f6586946a,191,species,Metazoa,Chordata,Actinopteri,Perciformes,Cottidae,Leptocottus,Leptocottus armatus,Leptocottus armatus,Sample,3,BF3,WACO.2021.114,Oysterville-May,0
33,BF3,WACO21-114-c,WACO21-114,3,b999c6bb47edbac1b97cc5ad631613e80c7a8ddf,113,species,Metazoa,Chordata,Actinopteri,Perciformes,Cottidae,Leptocottus,Leptocottus armatus,Leptocottus armatus,Sample,3,BF3,WACO.2021.114,Oysterville-May,0
33,BF3,WACO21-114-c,WACO21-114,3,2ff30dc4b45c9afbe7f216f2ded67de167cc021b,12,species,Metazoa,Chordata,Actinopteri,Perciformes,Cottidae,Leptocottus,Leptocottus armatus,Leptocottus armatus,Sample,3,BF3,WACO.2021.114,Oysterville-May,0
33,BF3,WACO21-114-c,WACO21-114,3,9621bbb99f812f5d985eed2a3aed85ed459fd769,20,species,Metazoa,Chordata,Actinopteri,Perciformes,Cyclopteridae,Cyclopterus,Cyclopterus lumpus,Cyclopterus lumpus,Sample,3,BF3,WACO.2021.114,Oysterville-May,0
33,BF3,WACO21-114-c,WACO21-114,3,f2e7e7f520340bcc10157e69b7a49eebc1630a5e,3,species,Metazoa,Chordata,Actinopteri,Perciformes,Cottidae,Leptocottus,Leptocottus armatus,Leptocottus armatus,Sample,3,BF3,WACO.2021.114,Oysterville-May,0
34,BF3,WACO21-126-a,WACO21-126,1,fa07c137c879896a4b3550b677aac7c27dd4f250,61865,species,Metazoa,Arthropoda,Malacostraca,Decapoda,Cancridae,Metacarcinus,Metacarcinus magister,Metacarcinus magister,Sample,3,BF3,WACO.2021.126,Long Beach-May,1
34,BF3,WACO21-126-a,WACO21-126,1,eaa70a74bb73b4b8b17b9f492921b7bc8e0c57a4,1559,species,Metazoa,Arthropoda,Malacostraca,Decapoda,Cancridae,Metacarcinus,Metacarcinus magister,Metacarcinus magister,Sample,3,BF3,WACO.2021.126,Long Beach-May,1
34,BF3,WACO21-126-a,WACO21-126,1,c3608e3bbd051a827c3ba97daff98692490e6fc8,1152,species,Metazoa,Arthropoda,Malacostraca,Decapoda,Cancridae,Metacarcinus,Metacarcinus magister,Metacarcinus magister,Sample,3,BF3,WACO.2021.126,Long Beach-May,0
34,BF3,WACO21-126-a,WACO21-126,1,236bca3206ed3c0579926bb1ee98706ea6e8e5d4,549,species,Metazoa,Arthropoda,Malacostraca,Decapoda,Cancridae,Metacarcinus,Metacarcinus magister,Metacarcinus magister,Sample,3,BF3,WACO.2021.126,Long Beach-May,1
34,BF3,WACO21-126-a,WACO21-126,1,5063322535c4f9af1322193a29f070001788c0f8,283,species,Metazoa,Arthropoda,Malacostraca,Decapoda,Cancridae,Metacarcinus,Metacarcinus magister,Metacarcinus magister,Sample,3,BF3,WACO.2021.126,Long Beach-May,1
34,BF3,WACO21-126-a,WACO21-126,1,4ad6c700ef839622bedc3a38054b9536e8eaf552,486,species,Metazoa,Arthropoda,Malacostraca,Decapoda,Cancridae,Metacarcinus,Metacarcinus magister,Metacarcinus magister,Sample,3,BF3,WACO.2021.126,Long Beach-May,1
34,BF3,WACO21-126-a,WACO21-126,1,095a1db4868c8536e38474706caa7dc687c80a88,509,species,Metazoa,Arthropoda,Malacostraca,Decapoda,Cancridae,Metacarcinus,Metacarcinus magister,Metacarcinus magister,Sample,3,BF3,WACO.2021.126,Long Beach-May,1
34,BF3,WACO21-126-a,WACO21-126,1,9d332a68484a33202c3cd82b1bd331c75e3154d3,189,species,Metazoa,Arthropoda,Malacostraca,Decapoda,Cancridae,Metacarcinus,Metacarcinus magister,Metacarcinus magister,Sample,3,BF3,WACO.2021.126,Long Beach-May,0
34,BF3,WACO21-126-a,WACO21-126,1,4e7e2d0ed78696bb732c3757d2f4157bf3c96044,307,species,Metazoa,Arthropoda,Malacostraca,Decapoda,Cancridae,Metacarcinus,Metacarcinus magister,Metacarcinus magister,Sample,3,BF3,WACO.2021.126,Long Beach-May,0
35,BF3,WACO21-126-b,WACO21-126,2,fa07c137c879896a4b3550b677aac7c27dd4f250,61970,species,Metazoa,Arthropoda,Malacostraca,Decapoda,Cancridae,Metacarcinus,Metacarcinus magister,Metacarcinus magister,Sample,3,BF3,WACO.2021.126,Long Beach-May,1
35,BF3,WACO21-126-b,WACO21-126,2,eaa70a74bb73b4b8b17b9f492921b7bc8e0c57a4,1568,species,Metazoa,Arthropoda,Malacostraca,Decapoda,Cancridae,Metacarcinus,Metacarcinus magister,Metacarcinus magister,Sample,3,BF3,WACO.2021.126,Long Beach-May,1
35,BF3,WACO21-126-b,WACO21-126,2,c3608e3bbd051a827c3ba97daff98692490e6fc8,1155,species,Metazoa,Arthropoda,Malacostraca,Decapoda,Cancridae,Metacarcinus,Metacarcinus magister,Metacarcinus magister,Sample,3,BF3,WACO.2021.126,Long Beach-May,0
35,BF3,WACO21-126-b,WACO21-126,2,236bca3206ed3c0579926bb1ee98706ea6e8e5d4,991,species,Metazoa,Arthropoda,Malacostraca,Decapoda,Cancridae,Metacarcinus,Metacarcinus magister,Metacarcinus magister,Sample,3,BF3,WACO.2021.126,Long Beach-May,1
35,BF3,WACO21-126-b,WACO21-126,2,5063322535c4f9af1322193a29f070001788c0f8,660,species,Metazoa,Arthropoda,Malacostraca,Decapoda,Cancridae,Metacarcinus,Metacarcinus magister,Metacarcinus magister,Sample,3,BF3,WACO.2021.126,Long Beach-May,1
35,BF3,WACO21-126-b,WACO21-126,2,4ad6c700ef839622bedc3a38054b9536e8eaf552,136,species,Metazoa,Arthropoda,Malacostraca,Decapoda,Cancridae,Metacarcinus,Metacarcinus magister,Metacarcinus magister,Sample,3,BF3,WACO.2021.126,Long Beach-May,1
35,BF3,WACO21-126-b,WACO21-126,2,095a1db4868c8536e38474706caa7dc687c80a88,44,species,Metazoa,Arthropoda,Malacostraca,Decapoda,Cancridae,Metacarcinus,Metacarcinus magister,Metacarcinus magister,Sample,3,BF3,WACO.2021.126,Long Beach-May,1
35,BF3,WACO21-126-b,WACO21-126,2,9d332a68484a33202c3cd82b1bd331c75e3154d3,206,species,Metazoa,Arthropoda,Malacostraca,Decapoda,Cancridae,Metacarcinus,Metacarcinus magister,Metacarcinus magister,Sample,3,BF3,WACO.2021.126,Long Beach-May,0
36,BF3,WACO21-126-c,WACO21-126,3,fa07c137c879896a4b3550b677aac7c27dd4f250,75962,species,Metazoa,Arthropoda,Malacostraca,Decapoda,Cancridae,Metacarcinus,Metacarcinus magister,Metacarcinus magister,Sample,3,BF3,WACO.2021.126,Long Beach-May,1
36,BF3,WACO21-126-c,WACO21-126,3,eaa70a74bb73b4b8b17b9f492921b7bc8e0c57a4,1766,species,Metazoa,Arthropoda,Malacostraca,Decapoda,Cancridae,Metacarcinus,Metacarcinus magister,Metacarcinus magister,Sample,3,BF3,WACO.2021.126,Long Beach-May,1
36,BF3,WACO21-126-c,WACO21-126,3,c3608e3bbd051a827c3ba97daff98692490e6fc8,902,species,Metazoa,Arthropoda,Malacostraca,Decapoda,Cancridae,Metacarcinus,Metacarcinus magister,Metacarcinus magister,Sample,3,BF3,WACO.2021.126,Long Beach-May,0
36,BF3,WACO21-126-c,WACO21-126,3,236bca3206ed3c0579926bb1ee98706ea6e8e5d4,1091,species,Metazoa,Arthropoda,Malacostraca,Decapoda,Cancridae,Metacarcinus,Metacarcinus magister,Metacarcinus magister,Sample,3,BF3,WACO.2021.126,Long Beach-May,1
36,BF3,WACO21-126-c,WACO21-126,3,5063322535c4f9af1322193a29f070001788c0f8,291,species,Metazoa,Arthropoda,Malacostraca,Decapoda,Cancridae,Metacarcinus,Metacarcinus magister,Metacarcinus magister,Sample,3,BF3,WACO.2021.126,Long Beach-May,1
36,BF3,WACO21-126-c,WACO21-126,3,4ad6c700ef839622bedc3a38054b9536e8eaf552,144,species,Metazoa,Arthropoda,Malacostraca,Decapoda,Cancridae,Metacarcinus,Metacarcinus magister,Metacarcinus magister,Sample,3,BF3,WACO.2021.126,Long Beach-May,1
36,BF3,WACO21-126-c,WACO21-126,3,095a1db4868c8536e38474706caa7dc687c80a88,204,species,Metazoa,Arthropoda,Malacostraca,Decapoda,Cancridae,Metacarcinus,Metacarcinus magister,Metacarcinus magister,Sample,3,BF3,WACO.2021.126,Long Beach-May,1
36,BF3,WACO21-126-c,WACO21-126,3,9d332a68484a33202c3cd82b1bd331c75e3154d3,150,species,Metazoa,Arthropoda,Malacostraca,Decapoda,Cancridae,Metacarcinus,Metacarcinus magister,Metacarcinus magister,Sample,3,BF3,WACO.2021.126,Long Beach-May,0
36,BF3,WACO21-126-c,WACO21-126,3,5351a85d53d32f2ea06e1c603173bf08633735b7,445,species,Metazoa,Arthropoda,Malacostraca,Decapoda,Cancridae,Metacarcinus,Metacarcinus magister,Metacarcinus magister,Sample,3,BF3,WACO.2021.126,Long Beach-May,0
36,BF3,WACO21-126-c,WACO21-126,3,4e7e2d0ed78696bb732c3757d2f4157bf3c96044,74,species,Metazoa,Arthropoda,Malacostraca,Decapoda,Cancridae,Metacarcinus,Metacarcinus magister,Metacarcinus magister,Sample,3,BF3,WACO.2021.126,Long Beach-May,0
36,BF3,WACO21-126-c,WACO21-126,3,0e717f70d25b384e8d1af7633ed80cf324d2569a,298,species,Metazoa,Arthropoda,Malacostraca,Decapoda,Cancridae,Metacarcinus,Metacarcinus magister,Metacarcinus magister,Sample,3,BF3,WACO.2021.126,Long Beach-May,0
36,BF3,WACO21-126-c,WACO21-126,3,732b49e705eb05bd8e78b0431be098e9c283d242,261,species,Metazoa,Arthropoda,Malacostraca,Decapoda,Cancridae,Metacarcinus,Metacarcinus magister,Metacarcinus magister,Sample,3,BF3,WACO.2021.126,Long Beach-May,0
36,BF3,WACO21-126-c,WACO21-126,3,69db482581babf8ff2147a5227bbc75b7b812372,100,species,Metazoa,Arthropoda,Malacostraca,Decapoda,Cancridae,Metacarcinus,Metacarcinus magister,Metacarcinus magister,Sample,3,BF3,WACO.2021.126,Long Beach-May,1
36,BF3,WACO21-126-c,WACO21-126,3,20d40934cee65e18ddbc129c7c19bdd72fe2ca4d,4,species,Metazoa,Arthropoda,Malacostraca,Decapoda,Cancridae,Metacarcinus,Metacarcinus magister,Metacarcinus magister,Sample,3,BF3,WACO.2021.126,Long Beach-May,0
37,BF3,WACO21-146-a,WACO21-146,1,7426a6f0873e52a51e1e52dc21bbd36b512751ea,1036,species,Metazoa,Chordata,Actinopteri,Perciformes,Cottidae,Leptocottus,Leptocottus armatus,Leptocottus armatus,Sample,3,BF3,WACO.2021.146,Long Beach-May,0
37,BF3,WACO21-146-a,WACO21-146,1,7542298ff77e2a821b8ef59f48bb3d4e03f356ee,64,genus,Metazoa,Arthropoda,Malacostraca,Decapoda,Varunidae,Hemigrapsus,NA,Hemigrapsus,Sample,3,BF3,WACO.2021.146,Long Beach-May,0
37,BF3,WACO21-146-a,WACO21-146,1,683ec0db3c0c940525a8f11249ee181602a8903a,110,family,NA,NA,Phaeophyceae,Ectocarpales,Chordariaceae,NA,NA,Chordariaceae,Sample,3,BF3,WACO.2021.146,Long Beach-May,0
37,BF3,WACO21-146-a,WACO21-146,1,959e06e527b03ddfceeaa73316431eab79621254,49,genus,NA,NA,Phaeophyceae,Ectocarpales,Ectocarpaceae,Ectocarpus,NA,Ectocarpus,Sample,3,BF3,WACO.2021.146,Long Beach-May,0
37,BF3,WACO21-146-a,WACO21-146,1,c3355752bffdf3d66902fd6f8f8d88b47b42c0af,12,species,Metazoa,Arthropoda,Malacostraca,Isopoda,Entoniscidae,Portunion,Portunion conformis,Portunion conformis,Sample,3,BF3,WACO.2021.146,Long Beach-May,0
37,BF3,WACO21-146-a,WACO21-146,1,de5e4a37b03159a70210b27998eba082b626e358,4,species,NA,NA,Phaeophyceae,Ectocarpales,Scytosiphonaceae,Scytosiphon,Scytosiphon sp. groupJ,Scytosiphon sp. groupJ,Sample,3,BF3,WACO.2021.146,Long Beach-May,0
37,BF3,WACO21-146-a,WACO21-146,1,de5e4a37b03159a70210b27998eba082b626e358,4,genus,NA,NA,Phaeophyceae,Ectocarpales,Scytosiphonaceae,Scytosiphon,NA,Scytosiphon,Sample,3,BF3,WACO.2021.146,Long Beach-May,0
38,BF3,WACO21-146-b,WACO21-146,2,7426a6f0873e52a51e1e52dc21bbd36b512751ea,620,species,Metazoa,Chordata,Actinopteri,Perciformes,Cottidae,Leptocottus,Leptocottus armatus,Leptocottus armatus,Sample,3,BF3,WACO.2021.146,Long Beach-May,0
38,BF3,WACO21-146-b,WACO21-146,2,7542298ff77e2a821b8ef59f48bb3d4e03f356ee,64,genus,Metazoa,Arthropoda,Malacostraca,Decapoda,Varunidae,Hemigrapsus,NA,Hemigrapsus,Sample,3,BF3,WACO.2021.146,Long Beach-May,0
38,BF3,WACO21-146-b,WACO21-146,2,683ec0db3c0c940525a8f11249ee181602a8903a,88,family,NA,NA,Phaeophyceae,Ectocarpales,Chordariaceae,NA,NA,Chordariaceae,Sample,3,BF3,WACO.2021.146,Long Beach-May,0
38,BF3,WACO21-146-b,WACO21-146,2,959e06e527b03ddfceeaa73316431eab79621254,12,genus,NA,NA,Phaeophyceae,Ectocarpales,Ectocarpaceae,Ectocarpus,NA,Ectocarpus,Sample,3,BF3,WACO.2021.146,Long Beach-May,0
38,BF3,WACO21-146-b,WACO21-146,2,13b8bfac7cf9027212135bc3761d84c3e8cd88aa,4,species,Metazoa,Chordata,Actinopteri,Perciformes,Cottidae,Leptocottus,Leptocottus armatus,Leptocottus armatus,Sample,3,BF3,WACO.2021.146,Long Beach-May,0
38,BF3,WACO21-146-b,WACO21-146,2,8034c350ac71ff8e248897e1967bee1ba5e7e238,3,species,Metazoa,Arthropoda,Malacostraca,Isopoda,Entoniscidae,Portunion,Portunion conformis,Portunion conformis,Sample,3,BF3,WACO.2021.146,Long Beach-May,0
38,BF3,WACO21-146-b,WACO21-146,2,7c87850d64f2a574b0120b73cf1233afcc191d8e,2,species,NA,NA,Phaeophyceae,Ectocarpales,Chordariaceae,Myrionema,Myrionema balticum,Myrionema balticum,Sample,3,BF3,WACO.2021.146,Long Beach-May,0
39,BF3,WACO21-146-c,WACO21-146,3,7426a6f0873e52a51e1e52dc21bbd36b512751ea,960,species,Metazoa,Chordata,Actinopteri,Perciformes,Cottidae,Leptocottus,Leptocottus armatus,Leptocottus armatus,Sample,3,BF3,WACO.2021.146,Long Beach-May,0
39,BF3,WACO21-146-c,WACO21-146,3,7542298ff77e2a821b8ef59f48bb3d4e03f356ee,90,genus,Metazoa,Arthropoda,Malacostraca,Decapoda,Varunidae,Hemigrapsus,NA,Hemigrapsus,Sample,3,BF3,WACO.2021.146,Long Beach-May,0
39,BF3,WACO21-146-c,WACO21-146,3,683ec0db3c0c940525a8f11249ee181602a8903a,16,family,NA,NA,Phaeophyceae,Ectocarpales,Chordariaceae,NA,NA,Chordariaceae,Sample,3,BF3,WACO.2021.146,Long Beach-May,0
41,BF3,WACO21-106-a,WACO21-106,1,82be35e1ac92969b89b76b992719482716fa7b66,889,species,NA,NA,Phaeophyceae,Ectocarpales,Scytosiphonaceae,Scytosiphon,Scytosiphon lomentaria,Scytosiphon lomentaria,Sample,3,BF3,WACO.2021.106,Oysterville-May,0
44,BF3,WACO21-098-a,WACO21-098,1,615353d8c93c88d9a9d3dff7ca38a44fe8b35333,429,species,Metazoa,Arthropoda,Malacostraca,Decapoda,Varunidae,Hemigrapsus,Hemigrapsus oregonensis,Hemigrapsus oregonensis,Sample,3,BF3,WACO.2021.098,Oysterville-May,0
44,BF3,WACO21-098-a,WACO21-098,1,15974ab46ec448db74fa0f2b9e0bf0aaad1074c6,76,species,Metazoa,Arthropoda,Malacostraca,Decapoda,Varunidae,Hemigrapsus,Hemigrapsus oregonensis,Hemigrapsus oregonensis,Sample,3,BF3,WACO.2021.098,Oysterville-May,0
45,BF3,WACO21-098-b,WACO21-098,2,615353d8c93c88d9a9d3dff7ca38a44fe8b35333,1388,species,Metazoa,Arthropoda,Malacostraca,Decapoda,Varunidae,Hemigrapsus,Hemigrapsus oregonensis,Hemigrapsus oregonensis,Sample,3,BF3,WACO.2021.098,Oysterville-May,0
46,BF3,WACO21-098-c,WACO21-098,3,615353d8c93c88d9a9d3dff7ca38a44fe8b35333,3975,species,Metazoa,Arthropoda,Malacostraca,Decapoda,Varunidae,Hemigrapsus,Hemigrapsus oregonensis,Hemigrapsus oregonensis,Sample,3,BF3,WACO.2021.098,Oysterville-May,0
46,BF3,WACO21-098-c,WACO21-098,3,54ecf1b2f3c7962e1941e618c631126b42919e3c,6,phylum,Viridiplantae,Chlorophyta,NA,NA,NA,NA,NA,Chlorophyta,Sample,3,BF3,WACO.2021.098,Oysterville-May,0
49,BF3,WACO21-101-c,WACO21-101,3,046ae7bba6d71455f7c2964f48a5e9f9e3a051da,114,species,NA,NA,NA,NA,NA,NA,zooplankton environmental sample,zooplankton environmental sample,Sample,3,BF3,WACO.2021.101,Oysterville-May,0
49,BF3,WACO21-101-c,WACO21-101,3,bd8b9df1e6e2daa0d510f290fa574097fddfc1e5,6,species,Metazoa,Mollusca,Bivalvia,Galeommatida,Montacutidae,Kurtiella,Kurtiella bidentata,Kurtiella bidentata,Sample,3,BF3,WACO.2021.101,Oysterville-May,0
53,BF3,WACO21-115-a,WACO21-115,1,3a6c3492df5014cfaf9a90940efb1478298ef65b,67957,species,Metazoa,Chordata,Actinopteri,Perciformes,Cottidae,Leptocottus,Leptocottus armatus,Leptocottus armatus,Sample,3,BF3,WACO.2021.115,Oysterville-May,0
53,BF3,WACO21-115-a,WACO21-115,1,278a4b5387c2671463f767cad11892bfc29e503c,1381,species,Metazoa,Arthropoda,Malacostraca,Decapoda,Crangonidae,Crangon,Crangon sp. UF_53625,Crangon sp. UF_53625,Sample,3,BF3,WACO.2021.115,Oysterville-May,0
53,BF3,WACO21-115-a,WACO21-115,1,1339fba7cb57e1600c4dede71f8c98cfc0591712,669,species,Metazoa,Chordata,Actinopteri,Perciformes,Cottidae,Leptocottus,Leptocottus armatus,Leptocottus armatus,Sample,3,BF3,WACO.2021.115,Oysterville-May,0
53,BF3,WACO21-115-a,WACO21-115,1,8d60810945073e932d73d777a522132791ffa751,1859,species,Metazoa,Chordata,Actinopteri,Perciformes,Cottidae,Leptocottus,Leptocottus armatus,Leptocottus armatus,Sample,3,BF3,WACO.2021.115,Oysterville-May,0
53,BF3,WACO21-115-a,WACO21-115,1,c0ba8f455ac9b3f1755b38483cb89443fb007624,498,species,Metazoa,Chordata,Actinopteri,Perciformes,Cottidae,Leptocottus,Leptocottus armatus,Leptocottus armatus,Sample,3,BF3,WACO.2021.115,Oysterville-May,0
53,BF3,WACO21-115-a,WACO21-115,1,57125b8f992cef5ac724643a23a585e50b10c128,669,species,Metazoa,Chordata,Actinopteri,Perciformes,Cottidae,Leptocottus,Leptocottus armatus,Leptocottus armatus,Sample,3,BF3,WACO.2021.115,Oysterville-May,0
53,BF3,WACO21-115-a,WACO21-115,1,f4792f06d9eb07bce5ba0d97f141ad45232c90cb,302,species,Metazoa,Chordata,Actinopteri,Perciformes,Cottidae,Leptocottus,Leptocottus armatus,Leptocottus armatus,Sample,3,BF3,WACO.2021.115,Oysterville-May,0
53,BF3,WACO21-115-a,WACO21-115,1,ffff5b27303594917080a5cd9bca151836c84edd,208,species,Metazoa,Arthropoda,Malacostraca,Decapoda,Crangonidae,Crangon,Crangon sp. UF_53625,Crangon sp. UF_53625,Sample,3,BF3,WACO.2021.115,Oysterville-May,0
53,BF3,WACO21-115-a,WACO21-115,1,c4e0c51352bd799558afa9652e281d55fd338f0c,119,species,Metazoa,Arthropoda,Malacostraca,Amphipoda,Corophiidae,Monocorophium,Monocorophium acherusicum,Monocorophium acherusicum,Sample,3,BF3,WACO.2021.115,Oysterville-May,0
53,BF3,WACO21-115-a,WACO21-115,1,e326c6f92f51ba69d97998559dcebb1fcc1344c4,119,species,Metazoa,Chordata,Actinopteri,Perciformes,Cottidae,Leptocottus,Leptocottus armatus,Leptocottus armatus,Sample,3,BF3,WACO.2021.115,Oysterville-May,0
53,BF3,WACO21-115-a,WACO21-115,1,2ff30dc4b45c9afbe7f216f2ded67de167cc021b,16,species,Metazoa,Chordata,Actinopteri,Perciformes,Cottidae,Leptocottus,Leptocottus armatus,Leptocottus armatus,Sample,3,BF3,WACO.2021.115,Oysterville-May,0
53,BF3,WACO21-115-a,WACO21-115,1,4861d548e5b30a304c81a9e34e3d6d3ed9e17d86,7,order,Metazoa,Porifera,Demospongiae,Haplosclerida,NA,NA,NA,Haplosclerida,Sample,3,BF3,WACO.2021.115,Oysterville-May,0
54,BF3,WACO21-115-b,WACO21-115,2,3a6c3492df5014cfaf9a90940efb1478298ef65b,60630,species,Metazoa,Chordata,Actinopteri,Perciformes,Cottidae,Leptocottus,Leptocottus armatus,Leptocottus armatus,Sample,3,BF3,WACO.2021.115,Oysterville-May,0
54,BF3,WACO21-115-b,WACO21-115,2,8d60810945073e932d73d777a522132791ffa751,1624,species,Metazoa,Chordata,Actinopteri,Perciformes,Cottidae,Leptocottus,Leptocottus armatus,Leptocottus armatus,Sample,3,BF3,WACO.2021.115,Oysterville-May,0
54,BF3,WACO21-115-b,WACO21-115,2,4aed3f07f5a73b27e0c0dee1830d564cc3dd21aa,828,species,Metazoa,Arthropoda,Malacostraca,Amphipoda,Corophiidae,Grandidierella,Grandidierella japonica,Grandidierella japonica,Sample,3,BF3,WACO.2021.115,Oysterville-May,0
54,BF3,WACO21-115-b,WACO21-115,2,c0ba8f455ac9b3f1755b38483cb89443fb007624,381,species,Metazoa,Chordata,Actinopteri,Perciformes,Cottidae,Leptocottus,Leptocottus armatus,Leptocottus armatus,Sample,3,BF3,WACO.2021.115,Oysterville-May,0
54,BF3,WACO21-115-b,WACO21-115,2,3373da75a55845a5b214517a414f91e363a4b6a5,1055,species,Metazoa,Chordata,Actinopteri,Perciformes,Cottidae,Leptocottus,Leptocottus armatus,Leptocottus armatus,Sample,3,BF3,WACO.2021.115,Oysterville-May,0
54,BF3,WACO21-115-b,WACO21-115,2,bebef387b772186ae37efec7044c05d4c83581bd,548,species,Metazoa,Chordata,Actinopteri,Perciformes,Cottidae,Leptocottus,Leptocottus armatus,Leptocottus armatus,Sample,3,BF3,WACO.2021.115,Oysterville-May,0
54,BF3,WACO21-115-b,WACO21-115,2,a7a3886605a6ac27c4d4939b8c942b67aaf89b51,85,species,Metazoa,Arthropoda,Malacostraca,Amphipoda,Ampithoidae,Ampithoe,Ampithoe valida,Ampithoe valida,Sample,3,BF3,WACO.2021.115,Oysterville-May,0
54,BF3,WACO21-115-b,WACO21-115,2,3d9c29d467572754a4da199a7b1d0d6908622a1d,74,species,Metazoa,Arthropoda,Malacostraca,Amphipoda,Corophiidae,Grandidierella,Grandidierella japonica,Grandidierella japonica,Sample,3,BF3,WACO.2021.115,Oysterville-May,0
54,BF3,WACO21-115-b,WACO21-115,2,2ff30dc4b45c9afbe7f216f2ded67de167cc021b,5,species,Metazoa,Chordata,Actinopteri,Perciformes,Cottidae,Leptocottus,Leptocottus armatus,Leptocottus armatus,Sample,3,BF3,WACO.2021.115,Oysterville-May,0
54,BF3,WACO21-115-b,WACO21-115,2,9621bbb99f812f5d985eed2a3aed85ed459fd769,12,species,Metazoa,Chordata,Actinopteri,Perciformes,Cyclopteridae,Cyclopterus,Cyclopterus lumpus,Cyclopterus lumpus,Sample,3,BF3,WACO.2021.115,Oysterville-May,0
54,BF3,WACO21-115-b,WACO21-115,2,edcbcc9c784f6bdf7a6dd77a8463c171322eaa25,24,order,Metazoa,Chordata,Actinopteri,Perciformes,NA,NA,NA,Perciformes,Sample,3,BF3,WACO.2021.115,Oysterville-May,0
54,BF3,WACO21-115-b,WACO21-115,2,49dd9a356de5267e37115810e88c4bb18eb9ebfa,15,species,Metazoa,Chordata,Actinopteri,Perciformes,Cottidae,Leptocottus,Leptocottus armatus,Leptocottus armatus,Sample,3,BF3,WACO.2021.115,Oysterville-May,0
55,BF3,WACO21-115-c,WACO21-115,3,3a6c3492df5014cfaf9a90940efb1478298ef65b,76879,species,Metazoa,Chordata,Actinopteri,Perciformes,Cottidae,Leptocottus,Leptocottus armatus,Leptocottus armatus,Sample,3,BF3,WACO.2021.115,Oysterville-May,0
55,BF3,WACO21-115-c,WACO21-115,3,278a4b5387c2671463f767cad11892bfc29e503c,2428,species,Metazoa,Arthropoda,Malacostraca,Decapoda,Crangonidae,Crangon,Crangon sp. UF_53625,Crangon sp. UF_53625,Sample,3,BF3,WACO.2021.115,Oysterville-May,0
55,BF3,WACO21-115-c,WACO21-115,3,1339fba7cb57e1600c4dede71f8c98cfc0591712,94,species,Metazoa,Chordata,Actinopteri,Perciformes,Cottidae,Leptocottus,Leptocottus armatus,Leptocottus armatus,Sample,3,BF3,WACO.2021.115,Oysterville-May,0
55,BF3,WACO21-115-c,WACO21-115,3,8d60810945073e932d73d777a522132791ffa751,1756,species,Metazoa,Chordata,Actinopteri,Perciformes,Cottidae,Leptocottus,Leptocottus armatus,Leptocottus armatus,Sample,3,BF3,WACO.2021.115,Oysterville-May,0
55,BF3,WACO21-115-c,WACO21-115,3,c0ba8f455ac9b3f1755b38483cb89443fb007624,665,species,Metazoa,Chordata,Actinopteri,Perciformes,Cottidae,Leptocottus,Leptocottus armatus,Leptocottus armatus,Sample,3,BF3,WACO.2021.115,Oysterville-May,0
55,BF3,WACO21-115-c,WACO21-115,3,aa67d50f016bd0d976908bc77dccdeabed05adf4,902,species,Metazoa,Chordata,Actinopteri,Perciformes,Cottidae,Leptocottus,Leptocottus armatus,Leptocottus armatus,Sample,3,BF3,WACO.2021.115,Oysterville-May,0
55,BF3,WACO21-115-c,WACO21-115,3,1159a1da324eedd0c6daf7df2cea9aed166ff492,643,species,Metazoa,Chordata,Actinopteri,Perciformes,Cottidae,Leptocottus,Leptocottus armatus,Leptocottus armatus,Sample,3,BF3,WACO.2021.115,Oysterville-May,0
55,BF3,WACO21-115-c,WACO21-115,3,e29ad15ad937c7e735b7e6b4f1d29f43c0f8dcea,617,species,Metazoa,Chordata,Actinopteri,Perciformes,Cottidae,Leptocottus,Leptocottus armatus,Leptocottus armatus,Sample,3,BF3,WACO.2021.115,Oysterville-May,0
55,BF3,WACO21-115-c,WACO21-115,3,5cdb316366f8ebc9671870d1eb389928469af377,434,species,Metazoa,Chordata,Actinopteri,Perciformes,Cottidae,Leptocottus,Leptocottus armatus,Leptocottus armatus,Sample,3,BF3,WACO.2021.115,Oysterville-May,0
55,BF3,WACO21-115-c,WACO21-115,3,a7a3886605a6ac27c4d4939b8c942b67aaf89b51,26,species,Metazoa,Arthropoda,Malacostraca,Amphipoda,Ampithoidae,Ampithoe,Ampithoe valida,Ampithoe valida,Sample,3,BF3,WACO.2021.115,Oysterville-May,0
55,BF3,WACO21-115-c,WACO21-115,3,6afb06be24a8ba74e5f5718b28190d50c37a901a,61,species,Metazoa,Chordata,Actinopteri,Perciformes,Cottidae,Leptocottus,Leptocottus armatus,Leptocottus armatus,Sample,3,BF3,WACO.2021.115,Oysterville-May,0
55,BF3,WACO21-115-c,WACO21-115,3,2ff30dc4b45c9afbe7f216f2ded67de167cc021b,10,species,Metazoa,Chordata,Actinopteri,Perciformes,Cottidae,Leptocottus,Leptocottus armatus,Leptocottus armatus,Sample,3,BF3,WACO.2021.115,Oysterville-May,0
55,BF3,WACO21-115-c,WACO21-115,3,5995ef2d09610f39ffd2f214f092daa6adcc1ed1,5,species,Metazoa,Annelida,Clitellata,Tubificida,Naididae,Chaetogaster,Chaetogaster diastrophus,Chaetogaster diastrophus,Sample,3,BF3,WACO.2021.115,Oysterville-May,0
55,BF3,WACO21-115-c,WACO21-115,3,4110fbe1bead8721740535c19fb3fe19470b553d,2,species,Metazoa,Arthropoda,Malacostraca,Decapoda,Crangonidae,Crangon,Crangon sp. UF_53625,Crangon sp. UF_53625,Sample,3,BF3,WACO.2021.115,Oysterville-May,0
58,BF3,WACO21-108-c,WACO21-108,3,5623248261961f257390bb758fc29a3d73bbec82,25,species,Metazoa,Arthropoda,Arachnida,NA,NA,NA,Arachnida sp. BOLD:ACM9770,Arachnida sp. BOLD:ACM9770,Sample,3,BF3,WACO.2021.108,Oysterville-May,0
58,BF3,WACO21-108-c,WACO21-108,3,87ec645012ed69bd5bee03d67299974346f0c0bf,61,family,Metazoa,Arthropoda,Insecta,Diptera,Ceratopogonidae,NA,NA,Ceratopogonidae,Sample,3,BF3,WACO.2021.108,Oysterville-May,0
58,BF3,WACO21-108-c,WACO21-108,3,87ec645012ed69bd5bee03d67299974346f0c0bf,61,family,Metazoa,Arthropoda,Insecta,Diptera,Ceratopogonidae,NA,NA,Ceratopogonidae,Sample,3,BF3,WACO.2021.108,Oysterville-May,0
58,BF3,WACO21-108-c,WACO21-108,3,87ec645012ed69bd5bee03d67299974346f0c0bf,61,family,Metazoa,Arthropoda,Insecta,Diptera,Ceratopogonidae,NA,NA,Ceratopogonidae,Sample,3,BF3,WACO.2021.108,Oysterville-May,0
59,BF3,WACO21-128-a,WACO21-128,1,5623248261961f257390bb758fc29a3d73bbec82,1797,species,Metazoa,Arthropoda,Arachnida,NA,NA,NA,Arachnida sp. BOLD:ACM9770,Arachnida sp. BOLD:ACM9770,Sample,3,BF3,WACO.2021.128,Long Beach-May,0
59,BF3,WACO21-128-a,WACO21-128,1,5b7ddef6dc73df68e66e1a0a28a2a8e1d196a6af,33,species,Metazoa,Arthropoda,Arachnida,NA,NA,NA,Arachnida sp. BOLD:ACM9770,Arachnida sp. BOLD:ACM9770,Sample,3,BF3,WACO.2021.128,Long Beach-May,0
61,BF3,WACO21-128-c,WACO21-128,3,5623248261961f257390bb758fc29a3d73bbec82,101,species,Metazoa,Arthropoda,Arachnida,NA,NA,NA,Arachnida sp. BOLD:ACM9770,Arachnida sp. BOLD:ACM9770,Sample,NA,NA,NA,NA,0
62,BF3,WACO21-606-a,WACO21-606,1,41384eb53ebdac9ad36e75109961bdacfada2509,144,species,Metazoa,Mollusca,Gastropoda,NA,Batillariidae,Batillaria,Batillaria attramentaria,Batillaria attramentaria,Sample,3,BF3,WACO.2021.606,Oysterville-Sep,1
63,BF3,WACO21-606-b,WACO21-606,2,41384eb53ebdac9ad36e75109961bdacfada2509,9,species,Metazoa,Mollusca,Gastropoda,NA,Batillariidae,Batillaria,Batillaria attramentaria,Batillaria attramentaria,Sample,3,BF3,WACO.2021.606,Oysterville-Sep,1
63,BF3,WACO21-606-b,WACO21-606,2,61eb855c095a110a40be687531e528079f8b4a35,244,species,NA,NA,Phaeophyceae,Ectocarpales,Chordariaceae,Myrionema,Myrionema balticum,Myrionema balticum,Sample,3,BF3,WACO.2021.606,Oysterville-Sep,0
63,BF3,WACO21-606-b,WACO21-606,2,0cf79fad08eb20dc109fff389fbc27e2d54f6d25,5,genus,Metazoa,Cnidaria,Anthozoa,Actiniaria,Edwardsiidae,Nematostella,NA,Nematostella,Sample,3,BF3,WACO.2021.606,Oysterville-Sep,0
64,BF3,WACO21-606-c,WACO21-606,3,41384eb53ebdac9ad36e75109961bdacfada2509,16,species,Metazoa,Mollusca,Gastropoda,NA,Batillariidae,Batillaria,Batillaria attramentaria,Batillaria attramentaria,Sample,3,BF3,WACO.2021.606,Oysterville-Sep,1
64,BF3,WACO21-606-c,WACO21-606,3,01a838fe17e825376d7f9aaef5def84b753734c4,254,species,NA,NA,Phaeophyceae,Ectocarpales,Scytosiphonaceae,Scytosiphon,Scytosiphon sp. Mitopromiscuus,Scytosiphon sp. Mitopromiscuus,Sample,3,BF3,WACO.2021.606,Oysterville-Sep,0
64,BF3,WACO21-606-c,WACO21-606,3,01a838fe17e825376d7f9aaef5def84b753734c4,254,genus,NA,NA,Phaeophyceae,Ectocarpales,Scytosiphonaceae,Scytosiphon,NA,Scytosiphon,Sample,3,BF3,WACO.2021.606,Oysterville-Sep,0
64,BF3,WACO21-606-c,WACO21-606,3,01a838fe17e825376d7f9aaef5def84b753734c4,254,genus,NA,NA,Phaeophyceae,Ectocarpales,Scytosiphonaceae,Scytosiphon,NA,Scytosiphon,Sample,3,BF3,WACO.2021.606,Oysterville-Sep,0
64,BF3,WACO21-606-c,WACO21-606,3,01a838fe17e825376d7f9aaef5def84b753734c4,254,genus,NA,NA,Phaeophyceae,Ectocarpales,Scytosiphonaceae,Scytosiphon,NA,Scytosiphon,Sample,3,BF3,WACO.2021.606,Oysterville-Sep,0
66,BF3,WACO21-613-b,WACO21-613,2,e2ea7de6c0e21978b0383340e39dda556e6610d7,14,species,Metazoa,Arthropoda,Hexanauplia,Cyclopoida,Cyclopidae,Acanthocyclops,Acanthocyclops vernalis,Acanthocyclops vernalis,Sample,3,BF3,WACO.2021.613,Oysterville-Sep,0
71,BF3,WACO21-618-a,WACO21-618,1,41384eb53ebdac9ad36e75109961bdacfada2509,1024,species,Metazoa,Mollusca,Gastropoda,NA,Batillariidae,Batillaria,Batillaria attramentaria,Batillaria attramentaria,Sample,3,BF3,WACO.2021.618,Oysterville-Sep,1
72,BF3,WACO21-618-b,WACO21-618,2,41384eb53ebdac9ad36e75109961bdacfada2509,1390,species,Metazoa,Mollusca,Gastropoda,NA,Batillariidae,Batillaria,Batillaria attramentaria,Batillaria attramentaria,Sample,3,BF3,WACO.2021.618,Oysterville-Sep,1
73,BF3,WACO21-618-c,WACO21-618,3,41384eb53ebdac9ad36e75109961bdacfada2509,2237,species,Metazoa,Mollusca,Gastropoda,NA,Batillariidae,Batillaria,Batillaria attramentaria,Batillaria attramentaria,Sample,3,BF3,WACO.2021.618,Oysterville-Sep,1
74,BF3,WACO21-617-a,WACO21-617,1,45efd15dece5ca0621dae88f637992aa35c98191,1954,species,Metazoa,Mollusca,Bivalvia,Venerida,Veneridae,Ruditapes,Ruditapes philippinarum,Ruditapes philippinarum,Sample,3,BF3,WACO.2021.617,Oysterville-Sep,0
74,BF3,WACO21-617-a,WACO21-617,1,8f36bd26cb0a5c382f1ee145747931ecaa862f19,1171,species,NA,NA,Phaeophyceae,Ectocarpales,Scytosiphonaceae,Petalonia,Petalonia fascia,Petalonia fascia,Sample,3,BF3,WACO.2021.617,Oysterville-Sep,0
75,BF3,WACO21-617-b,WACO21-617,2,45efd15dece5ca0621dae88f637992aa35c98191,368,species,Metazoa,Mollusca,Bivalvia,Venerida,Veneridae,Ruditapes,Ruditapes philippinarum,Ruditapes philippinarum,Sample,3,BF3,WACO.2021.617,Oysterville-Sep,0
75,BF3,WACO21-617-b,WACO21-617,2,8f36bd26cb0a5c382f1ee145747931ecaa862f19,440,species,NA,NA,Phaeophyceae,Ectocarpales,Scytosiphonaceae,Petalonia,Petalonia fascia,Petalonia fascia,Sample,3,BF3,WACO.2021.617,Oysterville-Sep,0
75,BF3,WACO21-617-b,WACO21-617,2,7f87e5b2a5897b604e1613dcdac848de7985dee0,177,species,Metazoa,Arthropoda,NA,NA,NA,NA,Arthropoda environmental sample,Arthropoda environmental sample,Sample,3,BF3,WACO.2021.617,Oysterville-Sep,0
76,BF3,WACO21-617-c,WACO21-617,3,45efd15dece5ca0621dae88f637992aa35c98191,286,species,Metazoa,Mollusca,Bivalvia,Venerida,Veneridae,Ruditapes,Ruditapes philippinarum,Ruditapes philippinarum,Sample,3,BF3,WACO.2021.617,Oysterville-Sep,0
76,BF3,WACO21-617-c,WACO21-617,3,abeeaaf398e54b483ca339f8874d994ac08dbcdc,828,species,Metazoa,Chordata,Mammalia,Artiodactyla,Suidae,Sus,Sus scrofa,Sus scrofa,Sample,3,BF3,WACO.2021.617,Oysterville-Sep,0
77,BF3,WACO21-600-a,WACO21-600,1,76ef23351350167d0714f0c7f299affd0a6aef0c,332,species,NA,Rhodophyta,Bangiophyceae,Bangiales,Bangiaceae,Neoporphyra,Neoporphyra haitanensis,Neoporphyra haitanensis,Sample,3,BF3,WACO.2021.600,Oysterville-Sep,0
77,BF3,WACO21-600-a,WACO21-600,1,bc69b29ff9f16314b33fce1ea3feb4179a274913,75,species,NA,Rhodophyta,Bangiophyceae,Bangiales,Bangiaceae,Neoporphyra,Neoporphyra haitanensis,Neoporphyra haitanensis,Sample,3,BF3,WACO.2021.600,Oysterville-Sep,0
77,BF3,WACO21-600-a,WACO21-600,1,6f2defde1e6fb852262a5fd5fa67b5a64d74cd1b,33,species,NA,NA,Phaeophyceae,Ectocarpales,Chordariaceae,Myrionema,Myrionema balticum,Myrionema balticum,Sample,3,BF3,WACO.2021.600,Oysterville-Sep,0
77,BF3,WACO21-600-a,WACO21-600,1,0a6aa31426893460c9bfdf902a8dba15d198822a,3,species,Metazoa,Mollusca,Gastropoda,NA,Batillariidae,Batillaria,Batillaria attramentaria,Batillaria attramentaria,Sample,3,BF3,WACO.2021.600,Oysterville-Sep,0
77,BF3,WACO21-600-a,WACO21-600,1,2e06335639e7bd542e36807f54671f1cf60f2bec,2,species,NA,Rhodophyta,Bangiophyceae,Bangiales,Bangiaceae,Neoporphyra,Neoporphyra haitanensis,Neoporphyra haitanensis,Sample,3,BF3,WACO.2021.600,Oysterville-Sep,0
79,BF3,WACO21-600-c,WACO21-600,3,41384eb53ebdac9ad36e75109961bdacfada2509,23,species,Metazoa,Mollusca,Gastropoda,NA,Batillariidae,Batillaria,Batillaria attramentaria,Batillaria attramentaria,Sample,3,BF3,WACO.2021.600,Oysterville-Sep,1
81,BF3,WACO21-607-b,WACO21-607,2,bc9f76bcaa6f326ccde9ef6a3268599daaa95d5a,370,species,NA,Rhodophyta,Bangiophyceae,Bangiales,Bangiaceae,Neoporphyra,Neoporphyra haitanensis,Neoporphyra haitanensis,Sample,3,BF3,WACO.2021.607,Oysterville-Sep,0
81,BF3,WACO21-607-b,WACO21-607,2,6ab46a5ec84ed667fae6c421dc0b59c9cc86727f,37,order,NA,NA,Phaeophyceae,Fucales,NA,NA,NA,Fucales,Sample,3,BF3,WACO.2021.607,Oysterville-Sep,0
81,BF3,WACO21-607-b,WACO21-607,2,6ab46a5ec84ed667fae6c421dc0b59c9cc86727f,37,genus,NA,NA,Phaeophyceae,Fucales,Sargassaceae,Sargassum,NA,Sargassum,Sample,3,BF3,WACO.2021.607,Oysterville-Sep,0
97,BF3,MC-B-a,MC-B,1,5cc5bda34a61687ff23dd35422f3f67055889af9,6046,species,Metazoa,Arthropoda,Malacostraca,Decapoda,Crangonidae,Crangon,Crangon franciscorum,Crangon franciscorum,Mock Community,NA,BF3,NA,NA,1
97,BF3,MC-B-a,MC-B,1,fd21a4a69e41031e050b80c96a578a2b0e1575ad,6371,species,Metazoa,Chordata,Actinopteri,NA,Embiotocidae,Cymatogaster,Cymatogaster aggregata,Cymatogaster aggregata,Mock Community,NA,BF3,NA,NA,1
97,BF3,MC-B-a,MC-B,1,41384eb53ebdac9ad36e75109961bdacfada2509,4342,species,Metazoa,Mollusca,Gastropoda,NA,Batillariidae,Batillaria,Batillaria attramentaria,Batillaria attramentaria,Mock Community,NA,BF3,NA,NA,1
97,BF3,MC-B-a,MC-B,1,35bcbb88b7a1827e9131054759e25603a6ef1e4b,3621,genus,Metazoa,Mollusca,Bivalvia,Myida,Myidae,Mya,NA,Mya,Mock Community,NA,BF3,NA,NA,1
97,BF3,MC-B-a,MC-B,1,fdc80ae5c5d103b2e88889628d1e88288fe07089,2297,species,Metazoa,Chordata,Actinopteri,Perciformes,Cottidae,Leptocottus,Leptocottus armatus,Leptocottus armatus,Mock Community,NA,BF3,NA,NA,1
97,BF3,MC-B-a,MC-B,1,7e7ae42efc9e7b56783c47f09c146656a8e3d3fc,1664,genus,Metazoa,Chordata,Actinopteri,Perciformes,Cottidae,Cottus,NA,Cottus,Mock Community,NA,BF3,NA,NA,1
97,BF3,MC-B-a,MC-B,1,5912de453e37344840868fe7776e6f84659742f2,1596,species,Metazoa,Arthropoda,Malacostraca,Decapoda,Varunidae,Hemigrapsus,Hemigrapsus oregonensis,Hemigrapsus oregonensis,Mock Community,NA,BF3,NA,NA,1
97,BF3,MC-B-a,MC-B,1,85ae8b995a1c9e5d9f4b6e265538078035f220d2,327,species,Metazoa,Mollusca,Bivalvia,Venerida,Veneridae,Ruditapes,Ruditapes philippinarum,Ruditapes philippinarum,Mock Community,NA,BF3,NA,NA,1
97,BF3,MC-B-a,MC-B,1,aee053d6803cdb5a8171495d7b79efae9b68c8f7,147,family,Viridiplantae,Streptophyta,Magnoliopsida,Alismatales,Zosteraceae,NA,NA,Zosteraceae,Mock Community,NA,BF3,NA,NA,1
97,BF3,MC-B-a,MC-B,1,f9bec8a1cda505aef0a4a5a162274b00b387872d,89,genus,Metazoa,Mollusca,Bivalvia,Myida,Myidae,Mya,NA,Mya,Mock Community,NA,BF3,NA,NA,1
97,BF3,MC-B-a,MC-B,1,4fbc29db0ec34b07a492602fa5bc926278f03216,113,species,Metazoa,Mollusca,Gastropoda,NA,Batillariidae,Batillaria,Batillaria attramentaria,Batillaria attramentaria,Mock Community,NA,BF3,NA,NA,1
97,BF3,MC-B-a,MC-B,1,11bc5b4f80a0f346a1cc03a86a26dd4313bff62a,18,species,Metazoa,Mollusca,Bivalvia,Venerida,Veneridae,Ruditapes,Ruditapes philippinarum,Ruditapes philippinarum,Mock Community,NA,BF3,NA,NA,1
97,BF3,MC-B-a,MC-B,1,1213612785627a26f9995b9f29b2f7daf628ab3a,19,species,Metazoa,Arthropoda,Malacostraca,Decapoda,Crangonidae,Crangon,Crangon crangon,Crangon crangon,Mock Community,NA,BF3,NA,NA,1
97,BF3,MC-B-a,MC-B,1,8915199be581c0c61e335c81d4f669ae34b63cd3,11,genus,Metazoa,Chordata,Actinopteri,Perciformes,Agonidae,Bathyagonus,NA,Bathyagonus,Mock Community,NA,BF3,NA,NA,1
97,BF3,MC-B-a,MC-B,1,1e678cd178f62517c88a2f69cdd9981b4bcb9a1d,15,genus,Metazoa,Arthropoda,Malacostraca,Decapoda,Crangonidae,Crangon,NA,Crangon,Mock Community,NA,BF3,NA,NA,1
97,BF3,MC-B-a,MC-B,1,921a619530265c77845aff59fa0e09fb1ca270cb,6,species,Metazoa,Arthropoda,Malacostraca,Decapoda,Crangonidae,Crangon,Crangon franciscorum,Crangon franciscorum,Mock Community,NA,BF3,NA,NA,1
97,BF3,MC-B-a,MC-B,1,4f61e33a32c46d7f81d526f66acfe3e088d196a6,2,species,Metazoa,Arthropoda,Malacostraca,Decapoda,Crangonidae,Crangon,Crangon franciscorum,Crangon franciscorum,Mock Community,NA,BF3,NA,NA,1
97,BF3,MC-B-a,MC-B,1,6c1b6742b9478e288e27a0e5d00f900e042a6866,5,genus,Metazoa,Arthropoda,Malacostraca,Decapoda,Crangonidae,Crangon,NA,Crangon,Mock Community,NA,BF3,NA,NA,1
98,BF3,MC-B-b,MC-B,2,5cc5bda34a61687ff23dd35422f3f67055889af9,10264,species,Metazoa,Arthropoda,Malacostraca,Decapoda,Crangonidae,Crangon,Crangon franciscorum,Crangon franciscorum,Mock Community,NA,BF3,NA,NA,1
98,BF3,MC-B-b,MC-B,2,fd21a4a69e41031e050b80c96a578a2b0e1575ad,10460,species,Metazoa,Chordata,Actinopteri,NA,Embiotocidae,Cymatogaster,Cymatogaster aggregata,Cymatogaster aggregata,Mock Community,NA,BF3,NA,NA,1
98,BF3,MC-B-b,MC-B,2,41384eb53ebdac9ad36e75109961bdacfada2509,6959,species,Metazoa,Mollusca,Gastropoda,NA,Batillariidae,Batillaria,Batillaria attramentaria,Batillaria attramentaria,Mock Community,NA,BF3,NA,NA,1
98,BF3,MC-B-b,MC-B,2,35bcbb88b7a1827e9131054759e25603a6ef1e4b,6420,genus,Metazoa,Mollusca,Bivalvia,Myida,Myidae,Mya,NA,Mya,Mock Community,NA,BF3,NA,NA,1
98,BF3,MC-B-b,MC-B,2,fdc80ae5c5d103b2e88889628d1e88288fe07089,3630,species,Metazoa,Chordata,Actinopteri,Perciformes,Cottidae,Leptocottus,Leptocottus armatus,Leptocottus armatus,Mock Community,NA,BF3,NA,NA,1
98,BF3,MC-B-b,MC-B,2,7e7ae42efc9e7b56783c47f09c146656a8e3d3fc,2857,genus,Metazoa,Chordata,Actinopteri,Perciformes,Cottidae,Cottus,NA,Cottus,Mock Community,NA,BF3,NA,NA,1
98,BF3,MC-B-b,MC-B,2,5912de453e37344840868fe7776e6f84659742f2,2921,species,Metazoa,Arthropoda,Malacostraca,Decapoda,Varunidae,Hemigrapsus,Hemigrapsus oregonensis,Hemigrapsus oregonensis,Mock Community,NA,BF3,NA,NA,1
98,BF3,MC-B-b,MC-B,2,be852773dcb909015503058be361a92ce69848bd,233,species,Metazoa,Arthropoda,Malacostraca,Decapoda,Crangonidae,Crangon,Crangon franciscorum,Crangon franciscorum,Mock Community,NA,BF3,NA,NA,1
98,BF3,MC-B-b,MC-B,2,85ae8b995a1c9e5d9f4b6e265538078035f220d2,438,species,Metazoa,Mollusca,Bivalvia,Venerida,Veneridae,Ruditapes,Ruditapes philippinarum,Ruditapes philippinarum,Mock Community,NA,BF3,NA,NA,1
98,BF3,MC-B-b,MC-B,2,aee053d6803cdb5a8171495d7b79efae9b68c8f7,229,family,Viridiplantae,Streptophyta,Magnoliopsida,Alismatales,Zosteraceae,NA,NA,Zosteraceae,Mock Community,NA,BF3,NA,NA,1
98,BF3,MC-B-b,MC-B,2,f9bec8a1cda505aef0a4a5a162274b00b387872d,147,genus,Metazoa,Mollusca,Bivalvia,Myida,Myidae,Mya,NA,Mya,Mock Community,NA,BF3,NA,NA,1
98,BF3,MC-B-b,MC-B,2,4fbc29db0ec34b07a492602fa5bc926278f03216,158,species,Metazoa,Mollusca,Gastropoda,NA,Batillariidae,Batillaria,Batillaria attramentaria,Batillaria attramentaria,Mock Community,NA,BF3,NA,NA,1
98,BF3,MC-B-b,MC-B,2,984560259e9b6fba757665c6a6d7250bcaea3f63,70,species,Metazoa,Mollusca,Bivalvia,Venerida,Veneridae,Ruditapes,Ruditapes philippinarum,Ruditapes philippinarum,Mock Community,NA,BF3,NA,NA,1
98,BF3,MC-B-b,MC-B,2,11bc5b4f80a0f346a1cc03a86a26dd4313bff62a,17,species,Metazoa,Mollusca,Bivalvia,Venerida,Veneridae,Ruditapes,Ruditapes philippinarum,Ruditapes philippinarum,Mock Community,NA,BF3,NA,NA,1
98,BF3,MC-B-b,MC-B,2,1213612785627a26f9995b9f29b2f7daf628ab3a,36,species,Metazoa,Arthropoda,Malacostraca,Decapoda,Crangonidae,Crangon,Crangon crangon,Crangon crangon,Mock Community,NA,BF3,NA,NA,1
98,BF3,MC-B-b,MC-B,2,8915199be581c0c61e335c81d4f669ae34b63cd3,22,genus,Metazoa,Chordata,Actinopteri,Perciformes,Agonidae,Bathyagonus,NA,Bathyagonus,Mock Community,NA,BF3,NA,NA,1
98,BF3,MC-B-b,MC-B,2,46058688dff6ad0c446936715da0b6d461d66ff4,18,species,Metazoa,Arthropoda,Malacostraca,Decapoda,Crangonidae,Crangon,Crangon franciscorum,Crangon franciscorum,Mock Community,NA,BF3,NA,NA,1
98,BF3,MC-B-b,MC-B,2,8043288a8de0a1058d0b10037e7dda473e0111f3,28,species,Metazoa,Arthropoda,Malacostraca,Decapoda,Crangonidae,Crangon,Crangon crangon,Crangon crangon,Mock Community,NA,BF3,NA,NA,1
98,BF3,MC-B-b,MC-B,2,1e678cd178f62517c88a2f69cdd9981b4bcb9a1d,13,genus,Metazoa,Arthropoda,Malacostraca,Decapoda,Crangonidae,Crangon,NA,Crangon,Mock Community,NA,BF3,NA,NA,1
98,BF3,MC-B-b,MC-B,2,57f93ec05f3192f667645192b0cab92062bf5414,22,species,Metazoa,Arthropoda,Malacostraca,Decapoda,Crangonidae,Crangon,Crangon franciscorum,Crangon franciscorum,Mock Community,NA,BF3,NA,NA,1
98,BF3,MC-B-b,MC-B,2,2fb6c3f73f50f1f0a92c54b33894c447c950edae,11,genus,Metazoa,Arthropoda,Malacostraca,Decapoda,Crangonidae,Crangon,NA,Crangon,Mock Community,NA,BF3,NA,NA,1
98,BF3,MC-B-b,MC-B,2,921a619530265c77845aff59fa0e09fb1ca270cb,11,species,Metazoa,Arthropoda,Malacostraca,Decapoda,Crangonidae,Crangon,Crangon franciscorum,Crangon franciscorum,Mock Community,NA,BF3,NA,NA,1
98,BF3,MC-B-b,MC-B,2,4f61e33a32c46d7f81d526f66acfe3e088d196a6,6,species,Metazoa,Arthropoda,Malacostraca,Decapoda,Crangonidae,Crangon,Crangon franciscorum,Crangon franciscorum,Mock Community,NA,BF3,NA,NA,1
98,BF3,MC-B-b,MC-B,2,fc127fcfc249e1ae3bf9d34034d47799adeaa313,7,species,Metazoa,Arthropoda,Malacostraca,Decapoda,Crangonidae,Crangon,Crangon crangon,Crangon crangon,Mock Community,NA,BF3,NA,NA,1
98,BF3,MC-B-b,MC-B,2,bd1e03e7dfbb119d2e32b9db343ee4e6ed4f0915,2,genus,Metazoa,Arthropoda,Malacostraca,Decapoda,Crangonidae,Crangon,NA,Crangon,Mock Community,NA,BF3,NA,NA,1
98,BF3,MC-B-b,MC-B,2,19ca52a666b9ed2f8799377216a78f255b1517bf,6,genus,Metazoa,Arthropoda,Malacostraca,Decapoda,Crangonidae,Crangon,NA,Crangon,Mock Community,NA,BF3,NA,NA,1
98,BF3,MC-B-b,MC-B,2,e77f991d4257d06ecfc262cd80db694f09d175cd,19,species,Metazoa,Arthropoda,Malacostraca,Decapoda,Crangonidae,Crangon,Crangon franciscorum,Crangon franciscorum,Mock Community,NA,BF3,NA,NA,1
98,BF3,MC-B-b,MC-B,2,9472679b6ab9f5e64d106e1357452d61ad3b45e7,7,genus,Metazoa,Arthropoda,Malacostraca,Decapoda,Crangonidae,Crangon,NA,Crangon,Mock Community,NA,BF3,NA,NA,1
98,BF3,MC-B-b,MC-B,2,bf56191dfd056d1c570eac16ec5ade9dc01b51fa,6,species,Metazoa,Mollusca,Gastropoda,NA,Batillariidae,Batillaria,Batillaria attramentaria,Batillaria attramentaria,Mock Community,NA,BF3,NA,NA,1
98,BF3,MC-B-b,MC-B,2,129d61941b95d17e40871fc0ff8421534b2d31f0,6,species,Metazoa,Arthropoda,Malacostraca,Decapoda,Crangonidae,Crangon,Crangon franciscorum,Crangon franciscorum,Mock Community,NA,BF3,NA,NA,1
98,BF3,MC-B-b,MC-B,2,8407d3756788bf7d24e7ca70ab9d71c612f6d162,4,species,Metazoa,Mollusca,Gastropoda,NA,Batillariidae,Batillaria,Batillaria attramentaria,Batillaria attramentaria,Mock Community,NA,BF3,NA,NA,1
98,BF3,MC-B-b,MC-B,2,c5c980654db04e25ea6e6b4a97886a16eed02426,2,species,NA,NA,Phaeophyceae,Ectocarpales,Chordariaceae,NA,Chordariaceae sp. 1 AP-2016,Chordariaceae sp. 1 AP-2016,Mock Community,NA,BF3,NA,NA,1
98,BF3,MC-B-b,MC-B,2,5ef1a953777ef89a3dd4e425552654d41d46ca4b,2,species,Metazoa,Arthropoda,Malacostraca,Decapoda,Crangonidae,Crangon,Crangon franciscorum,Crangon franciscorum,Mock Community,NA,BF3,NA,NA,1
99,BF3,MC-B-c,MC-B,3,5cc5bda34a61687ff23dd35422f3f67055889af9,5192,species,Metazoa,Arthropoda,Malacostraca,Decapoda,Crangonidae,Crangon,Crangon franciscorum,Crangon franciscorum,Mock Community,NA,BF3,NA,NA,1
99,BF3,MC-B-c,MC-B,3,fd21a4a69e41031e050b80c96a578a2b0e1575ad,5454,species,Metazoa,Chordata,Actinopteri,NA,Embiotocidae,Cymatogaster,Cymatogaster aggregata,Cymatogaster aggregata,Mock Community,NA,BF3,NA,NA,1
99,BF3,MC-B-c,MC-B,3,41384eb53ebdac9ad36e75109961bdacfada2509,3521,species,Metazoa,Mollusca,Gastropoda,NA,Batillariidae,Batillaria,Batillaria attramentaria,Batillaria attramentaria,Mock Community,NA,BF3,NA,NA,1
99,BF3,MC-B-c,MC-B,3,35bcbb88b7a1827e9131054759e25603a6ef1e4b,3412,genus,Metazoa,Mollusca,Bivalvia,Myida,Myidae,Mya,NA,Mya,Mock Community,NA,BF3,NA,NA,1
99,BF3,MC-B-c,MC-B,3,fdc80ae5c5d103b2e88889628d1e88288fe07089,1893,species,Metazoa,Chordata,Actinopteri,Perciformes,Cottidae,Leptocottus,Leptocottus armatus,Leptocottus armatus,Mock Community,NA,BF3,NA,NA,1
99,BF3,MC-B-c,MC-B,3,7e7ae42efc9e7b56783c47f09c146656a8e3d3fc,1414,genus,Metazoa,Chordata,Actinopteri,Perciformes,Cottidae,Cottus,NA,Cottus,Mock Community,NA,BF3,NA,NA,1
99,BF3,MC-B-c,MC-B,3,5912de453e37344840868fe7776e6f84659742f2,1431,species,Metazoa,Arthropoda,Malacostraca,Decapoda,Varunidae,Hemigrapsus,Hemigrapsus oregonensis,Hemigrapsus oregonensis,Mock Community,NA,BF3,NA,NA,1
99,BF3,MC-B-c,MC-B,3,85ae8b995a1c9e5d9f4b6e265538078035f220d2,274,species,Metazoa,Mollusca,Bivalvia,Venerida,Veneridae,Ruditapes,Ruditapes philippinarum,Ruditapes philippinarum,Mock Community,NA,BF3,NA,NA,1
99,BF3,MC-B-c,MC-B,3,aee053d6803cdb5a8171495d7b79efae9b68c8f7,132,family,Viridiplantae,Streptophyta,Magnoliopsida,Alismatales,Zosteraceae,NA,NA,Zosteraceae,Mock Community,NA,BF3,NA,NA,1
99,BF3,MC-B-c,MC-B,3,f9bec8a1cda505aef0a4a5a162274b00b387872d,96,genus,Metazoa,Mollusca,Bivalvia,Myida,Myidae,Mya,NA,Mya,Mock Community,NA,BF3,NA,NA,1
99,BF3,MC-B-c,MC-B,3,11bc5b4f80a0f346a1cc03a86a26dd4313bff62a,16,species,Metazoa,Mollusca,Bivalvia,Venerida,Veneridae,Ruditapes,Ruditapes philippinarum,Ruditapes philippinarum,Mock Community,NA,BF3,NA,NA,1
99,BF3,MC-B-c,MC-B,3,8915199be581c0c61e335c81d4f669ae34b63cd3,11,genus,Metazoa,Chordata,Actinopteri,Perciformes,Agonidae,Bathyagonus,NA,Bathyagonus,Mock Community,NA,BF3,NA,NA,1
99,BF3,MC-B-c,MC-B,3,46058688dff6ad0c446936715da0b6d461d66ff4,12,species,Metazoa,Arthropoda,Malacostraca,Decapoda,Crangonidae,Crangon,Crangon franciscorum,Crangon franciscorum,Mock Community,NA,BF3,NA,NA,1
99,BF3,MC-B-c,MC-B,3,8043288a8de0a1058d0b10037e7dda473e0111f3,17,species,Metazoa,Arthropoda,Malacostraca,Decapoda,Crangonidae,Crangon,Crangon crangon,Crangon crangon,Mock Community,NA,BF3,NA,NA,1
99,BF3,MC-B-c,MC-B,3,afc95c4fb5e4a9a9aec7b140b40a156ef45c4617,7,species,Metazoa,Arthropoda,Malacostraca,Decapoda,Crangonidae,Crangon,Crangon franciscorum,Crangon franciscorum,Mock Community,NA,BF3,NA,NA,1
99,BF3,MC-B-c,MC-B,3,4f61e33a32c46d7f81d526f66acfe3e088d196a6,3,species,Metazoa,Arthropoda,Malacostraca,Decapoda,Crangonidae,Crangon,Crangon franciscorum,Crangon franciscorum,Mock Community,NA,BF3,NA,NA,1
99,BF3,MC-B-c,MC-B,3,fc127fcfc249e1ae3bf9d34034d47799adeaa313,6,species,Metazoa,Arthropoda,Malacostraca,Decapoda,Crangonidae,Crangon,Crangon crangon,Crangon crangon,Mock Community,NA,BF3,NA,NA,1
99,BF3,MC-B-c,MC-B,3,b69a30b5af402a814861145c4cb801676cf75f3e,7,genus,Metazoa,Arthropoda,Malacostraca,Decapoda,Crangonidae,Crangon,NA,Crangon,Mock Community,NA,BF3,NA,NA,1
100,BF3,MC-E-a,MC-E,1,5cc5bda34a61687ff23dd35422f3f67055889af9,7069,species,Metazoa,Arthropoda,Malacostraca,Decapoda,Crangonidae,Crangon,Crangon franciscorum,Crangon franciscorum,Mock Community,NA,BF3,NA,NA,1
100,BF3,MC-E-a,MC-E,1,fa07c137c879896a4b3550b677aac7c27dd4f250,4135,species,Metazoa,Arthropoda,Malacostraca,Decapoda,Cancridae,Metacarcinus,Metacarcinus magister,Metacarcinus magister,Mock Community,NA,BF3,NA,NA,1
100,BF3,MC-E-a,MC-E,1,fd21a4a69e41031e050b80c96a578a2b0e1575ad,7799,species,Metazoa,Chordata,Actinopteri,NA,Embiotocidae,Cymatogaster,Cymatogaster aggregata,Cymatogaster aggregata,Mock Community,NA,BF3,NA,NA,1
100,BF3,MC-E-a,MC-E,1,41384eb53ebdac9ad36e75109961bdacfada2509,4093,species,Metazoa,Mollusca,Gastropoda,NA,Batillariidae,Batillaria,Batillaria attramentaria,Batillaria attramentaria,Mock Community,NA,BF3,NA,NA,1
100,BF3,MC-E-a,MC-E,1,35bcbb88b7a1827e9131054759e25603a6ef1e4b,3182,genus,Metazoa,Mollusca,Bivalvia,Myida,Myidae,Mya,NA,Mya,Mock Community,NA,BF3,NA,NA,1
100,BF3,MC-E-a,MC-E,1,fdc80ae5c5d103b2e88889628d1e88288fe07089,3072,species,Metazoa,Chordata,Actinopteri,Perciformes,Cottidae,Leptocottus,Leptocottus armatus,Leptocottus armatus,Mock Community,NA,BF3,NA,NA,1
100,BF3,MC-E-a,MC-E,1,7e7ae42efc9e7b56783c47f09c146656a8e3d3fc,846,genus,Metazoa,Chordata,Actinopteri,Perciformes,Cottidae,Cottus,NA,Cottus,Mock Community,NA,BF3,NA,NA,1
100,BF3,MC-E-a,MC-E,1,5912de453e37344840868fe7776e6f84659742f2,536,species,Metazoa,Arthropoda,Malacostraca,Decapoda,Varunidae,Hemigrapsus,Hemigrapsus oregonensis,Hemigrapsus oregonensis,Mock Community,NA,BF3,NA,NA,1
100,BF3,MC-E-a,MC-E,1,eaa70a74bb73b4b8b17b9f492921b7bc8e0c57a4,110,species,Metazoa,Arthropoda,Malacostraca,Decapoda,Cancridae,Metacarcinus,Metacarcinus magister,Metacarcinus magister,Mock Community,NA,BF3,NA,NA,1
100,BF3,MC-E-a,MC-E,1,be852773dcb909015503058be361a92ce69848bd,199,species,Metazoa,Arthropoda,Malacostraca,Decapoda,Crangonidae,Crangon,Crangon franciscorum,Crangon franciscorum,Mock Community,NA,BF3,NA,NA,1
100,BF3,MC-E-a,MC-E,1,236bca3206ed3c0579926bb1ee98706ea6e8e5d4,16,species,Metazoa,Arthropoda,Malacostraca,Decapoda,Cancridae,Metacarcinus,Metacarcinus magister,Metacarcinus magister,Mock Community,NA,BF3,NA,NA,1
100,BF3,MC-E-a,MC-E,1,85ae8b995a1c9e5d9f4b6e265538078035f220d2,331,species,Metazoa,Mollusca,Bivalvia,Venerida,Veneridae,Ruditapes,Ruditapes philippinarum,Ruditapes philippinarum,Mock Community,NA,BF3,NA,NA,1
100,BF3,MC-E-a,MC-E,1,aee053d6803cdb5a8171495d7b79efae9b68c8f7,477,family,Viridiplantae,Streptophyta,Magnoliopsida,Alismatales,Zosteraceae,NA,NA,Zosteraceae,Mock Community,NA,BF3,NA,NA,1
100,BF3,MC-E-a,MC-E,1,4ad6c700ef839622bedc3a38054b9536e8eaf552,18,species,Metazoa,Arthropoda,Malacostraca,Decapoda,Cancridae,Metacarcinus,Metacarcinus magister,Metacarcinus magister,Mock Community,NA,BF3,NA,NA,1
100,BF3,MC-E-a,MC-E,1,095a1db4868c8536e38474706caa7dc687c80a88,13,species,Metazoa,Arthropoda,Malacostraca,Decapoda,Cancridae,Metacarcinus,Metacarcinus magister,Metacarcinus magister,Mock Community,NA,BF3,NA,NA,1
100,BF3,MC-E-a,MC-E,1,f9bec8a1cda505aef0a4a5a162274b00b387872d,89,genus,Metazoa,Mollusca,Bivalvia,Myida,Myidae,Mya,NA,Mya,Mock Community,NA,BF3,NA,NA,1
100,BF3,MC-E-a,MC-E,1,984560259e9b6fba757665c6a6d7250bcaea3f63,58,species,Metazoa,Mollusca,Bivalvia,Venerida,Veneridae,Ruditapes,Ruditapes philippinarum,Ruditapes philippinarum,Mock Community,NA,BF3,NA,NA,1
100,BF3,MC-E-a,MC-E,1,11bc5b4f80a0f346a1cc03a86a26dd4313bff62a,15,species,Metazoa,Mollusca,Bivalvia,Venerida,Veneridae,Ruditapes,Ruditapes philippinarum,Ruditapes philippinarum,Mock Community,NA,BF3,NA,NA,1
100,BF3,MC-E-a,MC-E,1,8915199be581c0c61e335c81d4f669ae34b63cd3,3,genus,Metazoa,Chordata,Actinopteri,Perciformes,Agonidae,Bathyagonus,NA,Bathyagonus,Mock Community,NA,BF3,NA,NA,1
100,BF3,MC-E-a,MC-E,1,46058688dff6ad0c446936715da0b6d461d66ff4,20,species,Metazoa,Arthropoda,Malacostraca,Decapoda,Crangonidae,Crangon,Crangon franciscorum,Crangon franciscorum,Mock Community,NA,BF3,NA,NA,1
100,BF3,MC-E-a,MC-E,1,8043288a8de0a1058d0b10037e7dda473e0111f3,22,species,Metazoa,Arthropoda,Malacostraca,Decapoda,Crangonidae,Crangon,Crangon crangon,Crangon crangon,Mock Community,NA,BF3,NA,NA,1
100,BF3,MC-E-a,MC-E,1,1e678cd178f62517c88a2f69cdd9981b4bcb9a1d,14,genus,Metazoa,Arthropoda,Malacostraca,Decapoda,Crangonidae,Crangon,NA,Crangon,Mock Community,NA,BF3,NA,NA,1
100,BF3,MC-E-a,MC-E,1,57f93ec05f3192f667645192b0cab92062bf5414,11,species,Metazoa,Arthropoda,Malacostraca,Decapoda,Crangonidae,Crangon,Crangon franciscorum,Crangon franciscorum,Mock Community,NA,BF3,NA,NA,1
100,BF3,MC-E-a,MC-E,1,2fb6c3f73f50f1f0a92c54b33894c447c950edae,11,genus,Metazoa,Arthropoda,Malacostraca,Decapoda,Crangonidae,Crangon,NA,Crangon,Mock Community,NA,BF3,NA,NA,1
100,BF3,MC-E-a,MC-E,1,921a619530265c77845aff59fa0e09fb1ca270cb,8,species,Metazoa,Arthropoda,Malacostraca,Decapoda,Crangonidae,Crangon,Crangon franciscorum,Crangon franciscorum,Mock Community,NA,BF3,NA,NA,1
100,BF3,MC-E-a,MC-E,1,afc95c4fb5e4a9a9aec7b140b40a156ef45c4617,17,species,Metazoa,Arthropoda,Malacostraca,Decapoda,Crangonidae,Crangon,Crangon franciscorum,Crangon franciscorum,Mock Community,NA,BF3,NA,NA,1
100,BF3,MC-E-a,MC-E,1,4f61e33a32c46d7f81d526f66acfe3e088d196a6,11,species,Metazoa,Arthropoda,Malacostraca,Decapoda,Crangonidae,Crangon,Crangon franciscorum,Crangon franciscorum,Mock Community,NA,BF3,NA,NA,1
100,BF3,MC-E-a,MC-E,1,fc127fcfc249e1ae3bf9d34034d47799adeaa313,7,species,Metazoa,Arthropoda,Malacostraca,Decapoda,Crangonidae,Crangon,Crangon crangon,Crangon crangon,Mock Community,NA,BF3,NA,NA,1
100,BF3,MC-E-a,MC-E,1,bd1e03e7dfbb119d2e32b9db343ee4e6ed4f0915,10,genus,Metazoa,Arthropoda,Malacostraca,Decapoda,Crangonidae,Crangon,NA,Crangon,Mock Community,NA,BF3,NA,NA,1
100,BF3,MC-E-a,MC-E,1,e0254b419ae70e17fc3a775368743fa8773609c4,14,species,Metazoa,Arthropoda,Malacostraca,Decapoda,Cancridae,Metacarcinus,Metacarcinus magister,Metacarcinus magister,Mock Community,NA,BF3,NA,NA,1
100,BF3,MC-E-a,MC-E,1,19ca52a666b9ed2f8799377216a78f255b1517bf,6,genus,Metazoa,Arthropoda,Malacostraca,Decapoda,Crangonidae,Crangon,NA,Crangon,Mock Community,NA,BF3,NA,NA,1
100,BF3,MC-E-a,MC-E,1,b69a30b5af402a814861145c4cb801676cf75f3e,2,genus,Metazoa,Arthropoda,Malacostraca,Decapoda,Crangonidae,Crangon,NA,Crangon,Mock Community,NA,BF3,NA,NA,1
100,BF3,MC-E-a,MC-E,1,61a2d62210eb0628f909d4d869e215bed66e5b1d,8,species,Metazoa,Chordata,Actinopteri,Perciformes,Cottidae,Leptocottus,Leptocottus armatus,Leptocottus armatus,Mock Community,NA,BF3,NA,NA,1
100,BF3,MC-E-a,MC-E,1,780f8d9c732c4c6a36d034c19abdf57b6a5cc69a,7,species,Metazoa,Chordata,Actinopteri,NA,Embiotocidae,Cymatogaster,Cymatogaster aggregata,Cymatogaster aggregata,Mock Community,NA,BF3,NA,NA,1
100,BF3,MC-E-a,MC-E,1,746c56234b042dc796acbf0979f737fa57a8c038,5,species,Metazoa,Mollusca,Gastropoda,NA,Batillariidae,Batillaria,Batillaria attramentaria,Batillaria attramentaria,Mock Community,NA,BF3,NA,NA,1
100,BF3,MC-E-a,MC-E,1,5ea0d730e8aed3d30e2765859909c1de8b20c5c8,5,species,Metazoa,Arthropoda,Malacostraca,Decapoda,Cancridae,Metacarcinus,Metacarcinus magister,Metacarcinus magister,Mock Community,NA,BF3,NA,NA,1
100,BF3,MC-E-a,MC-E,1,8e62f2bd2ada4d41d70f451ee9a7c208c5e54fef,3,species,Metazoa,Arthropoda,Malacostraca,Decapoda,Cancridae,Metacarcinus,Metacarcinus magister,Metacarcinus magister,Mock Community,NA,BF3,NA,NA,1
100,BF3,MC-E-a,MC-E,1,95a2b654533880847e66326d29e1df863c47ef22,2,species,Metazoa,Chordata,Actinopteri,NA,Embiotocidae,Cymatogaster,Cymatogaster aggregata,Cymatogaster aggregata,Mock Community,NA,BF3,NA,NA,1
101,BF3,MC-E-b,MC-E,2,5cc5bda34a61687ff23dd35422f3f67055889af9,7512,species,Metazoa,Arthropoda,Malacostraca,Decapoda,Crangonidae,Crangon,Crangon franciscorum,Crangon franciscorum,Mock Community,NA,BF3,NA,NA,1
101,BF3,MC-E-b,MC-E,2,fa07c137c879896a4b3550b677aac7c27dd4f250,4382,species,Metazoa,Arthropoda,Malacostraca,Decapoda,Cancridae,Metacarcinus,Metacarcinus magister,Metacarcinus magister,Mock Community,NA,BF3,NA,NA,1
101,BF3,MC-E-b,MC-E,2,fd21a4a69e41031e050b80c96a578a2b0e1575ad,7709,species,Metazoa,Chordata,Actinopteri,NA,Embiotocidae,Cymatogaster,Cymatogaster aggregata,Cymatogaster aggregata,Mock Community,NA,BF3,NA,NA,1
101,BF3,MC-E-b,MC-E,2,41384eb53ebdac9ad36e75109961bdacfada2509,3897,species,Metazoa,Mollusca,Gastropoda,NA,Batillariidae,Batillaria,Batillaria attramentaria,Batillaria attramentaria,Mock Community,NA,BF3,NA,NA,1
101,BF3,MC-E-b,MC-E,2,35bcbb88b7a1827e9131054759e25603a6ef1e4b,3412,genus,Metazoa,Mollusca,Bivalvia,Myida,Myidae,Mya,NA,Mya,Mock Community,NA,BF3,NA,NA,1
101,BF3,MC-E-b,MC-E,2,fdc80ae5c5d103b2e88889628d1e88288fe07089,2951,species,Metazoa,Chordata,Actinopteri,Perciformes,Cottidae,Leptocottus,Leptocottus armatus,Leptocottus armatus,Mock Community,NA,BF3,NA,NA,1
101,BF3,MC-E-b,MC-E,2,7e7ae42efc9e7b56783c47f09c146656a8e3d3fc,942,genus,Metazoa,Chordata,Actinopteri,Perciformes,Cottidae,Cottus,NA,Cottus,Mock Community,NA,BF3,NA,NA,1
101,BF3,MC-E-b,MC-E,2,5912de453e37344840868fe7776e6f84659742f2,565,species,Metazoa,Arthropoda,Malacostraca,Decapoda,Varunidae,Hemigrapsus,Hemigrapsus oregonensis,Hemigrapsus oregonensis,Mock Community,NA,BF3,NA,NA,1
101,BF3,MC-E-b,MC-E,2,be852773dcb909015503058be361a92ce69848bd,189,species,Metazoa,Arthropoda,Malacostraca,Decapoda,Crangonidae,Crangon,Crangon franciscorum,Crangon franciscorum,Mock Community,NA,BF3,NA,NA,1
101,BF3,MC-E-b,MC-E,2,85ae8b995a1c9e5d9f4b6e265538078035f220d2,361,species,Metazoa,Mollusca,Bivalvia,Venerida,Veneridae,Ruditapes,Ruditapes philippinarum,Ruditapes philippinarum,Mock Community,NA,BF3,NA,NA,1
101,BF3,MC-E-b,MC-E,2,aee053d6803cdb5a8171495d7b79efae9b68c8f7,458,family,Viridiplantae,Streptophyta,Magnoliopsida,Alismatales,Zosteraceae,NA,NA,Zosteraceae,Mock Community,NA,BF3,NA,NA,1
101,BF3,MC-E-b,MC-E,2,4ad6c700ef839622bedc3a38054b9536e8eaf552,23,species,Metazoa,Arthropoda,Malacostraca,Decapoda,Cancridae,Metacarcinus,Metacarcinus magister,Metacarcinus magister,Mock Community,NA,BF3,NA,NA,1
101,BF3,MC-E-b,MC-E,2,f9bec8a1cda505aef0a4a5a162274b00b387872d,97,genus,Metazoa,Mollusca,Bivalvia,Myida,Myidae,Mya,NA,Mya,Mock Community,NA,BF3,NA,NA,1
101,BF3,MC-E-b,MC-E,2,4fbc29db0ec34b07a492602fa5bc926278f03216,105,species,Metazoa,Mollusca,Gastropoda,NA,Batillariidae,Batillaria,Batillaria attramentaria,Batillaria attramentaria,Mock Community,NA,BF3,NA,NA,1
101,BF3,MC-E-b,MC-E,2,69db482581babf8ff2147a5227bbc75b7b812372,15,species,Metazoa,Arthropoda,Malacostraca,Decapoda,Cancridae,Metacarcinus,Metacarcinus magister,Metacarcinus magister,Mock Community,NA,BF3,NA,NA,1
101,BF3,MC-E-b,MC-E,2,11bc5b4f80a0f346a1cc03a86a26dd4313bff62a,7,species,Metazoa,Mollusca,Bivalvia,Venerida,Veneridae,Ruditapes,Ruditapes philippinarum,Ruditapes philippinarum,Mock Community,NA,BF3,NA,NA,1
101,BF3,MC-E-b,MC-E,2,1213612785627a26f9995b9f29b2f7daf628ab3a,24,species,Metazoa,Arthropoda,Malacostraca,Decapoda,Crangonidae,Crangon,Crangon crangon,Crangon crangon,Mock Community,NA,BF3,NA,NA,1
101,BF3,MC-E-b,MC-E,2,8915199be581c0c61e335c81d4f669ae34b63cd3,12,genus,Metazoa,Chordata,Actinopteri,Perciformes,Agonidae,Bathyagonus,NA,Bathyagonus,Mock Community,NA,BF3,NA,NA,1
101,BF3,MC-E-b,MC-E,2,46058688dff6ad0c446936715da0b6d461d66ff4,13,species,Metazoa,Arthropoda,Malacostraca,Decapoda,Crangonidae,Crangon,Crangon franciscorum,Crangon franciscorum,Mock Community,NA,BF3,NA,NA,1
101,BF3,MC-E-b,MC-E,2,1e678cd178f62517c88a2f69cdd9981b4bcb9a1d,17,genus,Metazoa,Arthropoda,Malacostraca,Decapoda,Crangonidae,Crangon,NA,Crangon,Mock Community,NA,BF3,NA,NA,1
101,BF3,MC-E-b,MC-E,2,57f93ec05f3192f667645192b0cab92062bf5414,12,species,Metazoa,Arthropoda,Malacostraca,Decapoda,Crangonidae,Crangon,Crangon franciscorum,Crangon franciscorum,Mock Community,NA,BF3,NA,NA,1
101,BF3,MC-E-b,MC-E,2,2fb6c3f73f50f1f0a92c54b33894c447c950edae,11,genus,Metazoa,Arthropoda,Malacostraca,Decapoda,Crangonidae,Crangon,NA,Crangon,Mock Community,NA,BF3,NA,NA,1
101,BF3,MC-E-b,MC-E,2,afc95c4fb5e4a9a9aec7b140b40a156ef45c4617,8,species,Metazoa,Arthropoda,Malacostraca,Decapoda,Crangonidae,Crangon,Crangon franciscorum,Crangon franciscorum,Mock Community,NA,BF3,NA,NA,1
101,BF3,MC-E-b,MC-E,2,4f61e33a32c46d7f81d526f66acfe3e088d196a6,4,species,Metazoa,Arthropoda,Malacostraca,Decapoda,Crangonidae,Crangon,Crangon franciscorum,Crangon franciscorum,Mock Community,NA,BF3,NA,NA,1
101,BF3,MC-E-b,MC-E,2,fc127fcfc249e1ae3bf9d34034d47799adeaa313,11,species,Metazoa,Arthropoda,Malacostraca,Decapoda,Crangonidae,Crangon,Crangon crangon,Crangon crangon,Mock Community,NA,BF3,NA,NA,1
101,BF3,MC-E-b,MC-E,2,bd1e03e7dfbb119d2e32b9db343ee4e6ed4f0915,4,genus,Metazoa,Arthropoda,Malacostraca,Decapoda,Crangonidae,Crangon,NA,Crangon,Mock Community,NA,BF3,NA,NA,1
101,BF3,MC-E-b,MC-E,2,e0254b419ae70e17fc3a775368743fa8773609c4,8,species,Metazoa,Arthropoda,Malacostraca,Decapoda,Cancridae,Metacarcinus,Metacarcinus magister,Metacarcinus magister,Mock Community,NA,BF3,NA,NA,1
101,BF3,MC-E-b,MC-E,2,60a76d41f52cd47e97e8b91e91e4d5fbb0e9ea0a,11,species,Metazoa,Arthropoda,Malacostraca,Decapoda,Crangonidae,Crangon,Crangon franciscorum,Crangon franciscorum,Mock Community,NA,BF3,NA,NA,1
101,BF3,MC-E-b,MC-E,2,19ca52a666b9ed2f8799377216a78f255b1517bf,6,genus,Metazoa,Arthropoda,Malacostraca,Decapoda,Crangonidae,Crangon,NA,Crangon,Mock Community,NA,BF3,NA,NA,1
101,BF3,MC-E-b,MC-E,2,b69a30b5af402a814861145c4cb801676cf75f3e,4,genus,Metazoa,Arthropoda,Malacostraca,Decapoda,Crangonidae,Crangon,NA,Crangon,Mock Community,NA,BF3,NA,NA,1
101,BF3,MC-E-b,MC-E,2,3e0a10a08f764dac7bb16b08e6f93f1970da98ef,8,species,Metazoa,Arthropoda,Malacostraca,Decapoda,Cancridae,Metacarcinus,Metacarcinus magister,Metacarcinus magister,Mock Community,NA,BF3,NA,NA,1
101,BF3,MC-E-b,MC-E,2,64fe5df1a753a1943a1d223850fb58e1e744f979,7,genus,Metazoa,Chordata,Actinopteri,Perciformes,Cottidae,Cottus,NA,Cottus,Mock Community,NA,BF3,NA,NA,1
101,BF3,MC-E-b,MC-E,2,7310f889db9a784f1f4f6753a1504bf9028707f4,5,species,Metazoa,Chordata,Actinopteri,NA,Embiotocidae,Cymatogaster,Cymatogaster aggregata,Cymatogaster aggregata,Mock Community,NA,BF3,NA,NA,1
101,BF3,MC-E-b,MC-E,2,7fcff8917a02bc2d173b48e49071374819352242,4,species,Metazoa,Chordata,Actinopteri,NA,Embiotocidae,Cymatogaster,Cymatogaster aggregata,Cymatogaster aggregata,Mock Community,NA,BF3,NA,NA,1
101,BF3,MC-E-b,MC-E,2,4589640b3d40a4c7da1681cad5af7f84d288d1ee,4,species,Metazoa,Chordata,Actinopteri,Perciformes,Cottidae,Leptocottus,Leptocottus armatus,Leptocottus armatus,Mock Community,NA,BF3,NA,NA,1
101,BF3,MC-E-b,MC-E,2,1f86aeb06d0a4ab9f0a3628529a09e8b05f62922,4,species,Metazoa,Arthropoda,Malacostraca,Decapoda,Crangonidae,Crangon,Crangon franciscorum,Crangon franciscorum,Mock Community,NA,BF3,NA,NA,1
101,BF3,MC-E-b,MC-E,2,196bfa3ceb41b3ed9ea3abf6d745126043213373,2,species,Metazoa,Chordata,Actinopteri,Perciformes,Psychrolutidae,Dasycottus,Dasycottus setiger,Dasycottus setiger,Mock Community,NA,BF3,NA,NA,1
102,BF3,MC-E-c,MC-E,3,5cc5bda34a61687ff23dd35422f3f67055889af9,7594,species,Metazoa,Arthropoda,Malacostraca,Decapoda,Crangonidae,Crangon,Crangon franciscorum,Crangon franciscorum,Mock Community,NA,BF3,NA,NA,1
102,BF3,MC-E-c,MC-E,3,fa07c137c879896a4b3550b677aac7c27dd4f250,4272,species,Metazoa,Arthropoda,Malacostraca,Decapoda,Cancridae,Metacarcinus,Metacarcinus magister,Metacarcinus magister,Mock Community,NA,BF3,NA,NA,1
102,BF3,MC-E-c,MC-E,3,fd21a4a69e41031e050b80c96a578a2b0e1575ad,7827,species,Metazoa,Chordata,Actinopteri,NA,Embiotocidae,Cymatogaster,Cymatogaster aggregata,Cymatogaster aggregata,Mock Community,NA,BF3,NA,NA,1
102,BF3,MC-E-c,MC-E,3,41384eb53ebdac9ad36e75109961bdacfada2509,3896,species,Metazoa,Mollusca,Gastropoda,NA,Batillariidae,Batillaria,Batillaria attramentaria,Batillaria attramentaria,Mock Community,NA,BF3,NA,NA,1
102,BF3,MC-E-c,MC-E,3,35bcbb88b7a1827e9131054759e25603a6ef1e4b,3588,genus,Metazoa,Mollusca,Bivalvia,Myida,Myidae,Mya,NA,Mya,Mock Community,NA,BF3,NA,NA,1
102,BF3,MC-E-c,MC-E,3,fdc80ae5c5d103b2e88889628d1e88288fe07089,2918,species,Metazoa,Chordata,Actinopteri,Perciformes,Cottidae,Leptocottus,Leptocottus armatus,Leptocottus armatus,Mock Community,NA,BF3,NA,NA,1
102,BF3,MC-E-c,MC-E,3,7e7ae42efc9e7b56783c47f09c146656a8e3d3fc,776,genus,Metazoa,Chordata,Actinopteri,Perciformes,Cottidae,Cottus,NA,Cottus,Mock Community,NA,BF3,NA,NA,1
102,BF3,MC-E-c,MC-E,3,5912de453e37344840868fe7776e6f84659742f2,460,species,Metazoa,Arthropoda,Malacostraca,Decapoda,Varunidae,Hemigrapsus,Hemigrapsus oregonensis,Hemigrapsus oregonensis,Mock Community,NA,BF3,NA,NA,1
102,BF3,MC-E-c,MC-E,3,be852773dcb909015503058be361a92ce69848bd,223,species,Metazoa,Arthropoda,Malacostraca,Decapoda,Crangonidae,Crangon,Crangon franciscorum,Crangon franciscorum,Mock Community,NA,BF3,NA,NA,1
102,BF3,MC-E-c,MC-E,3,236bca3206ed3c0579926bb1ee98706ea6e8e5d4,21,species,Metazoa,Arthropoda,Malacostraca,Decapoda,Cancridae,Metacarcinus,Metacarcinus magister,Metacarcinus magister,Mock Community,NA,BF3,NA,NA,1
102,BF3,MC-E-c,MC-E,3,85ae8b995a1c9e5d9f4b6e265538078035f220d2,300,species,Metazoa,Mollusca,Bivalvia,Venerida,Veneridae,Ruditapes,Ruditapes philippinarum,Ruditapes philippinarum,Mock Community,NA,BF3,NA,NA,1
102,BF3,MC-E-c,MC-E,3,aee053d6803cdb5a8171495d7b79efae9b68c8f7,397,family,Viridiplantae,Streptophyta,Magnoliopsida,Alismatales,Zosteraceae,NA,NA,Zosteraceae,Mock Community,NA,BF3,NA,NA,1
102,BF3,MC-E-c,MC-E,3,5063322535c4f9af1322193a29f070001788c0f8,23,species,Metazoa,Arthropoda,Malacostraca,Decapoda,Cancridae,Metacarcinus,Metacarcinus magister,Metacarcinus magister,Mock Community,NA,BF3,NA,NA,1
102,BF3,MC-E-c,MC-E,3,f9bec8a1cda505aef0a4a5a162274b00b387872d,85,genus,Metazoa,Mollusca,Bivalvia,Myida,Myidae,Mya,NA,Mya,Mock Community,NA,BF3,NA,NA,1
102,BF3,MC-E-c,MC-E,3,4fbc29db0ec34b07a492602fa5bc926278f03216,79,species,Metazoa,Mollusca,Gastropoda,NA,Batillariidae,Batillaria,Batillaria attramentaria,Batillaria attramentaria,Mock Community,NA,BF3,NA,NA,1
102,BF3,MC-E-c,MC-E,3,5067c5c135bdabdc6703f190bac600b36ade0aa5,218,species,Metazoa,Chordata,Actinopteri,NA,Embiotocidae,Cymatogaster,Cymatogaster aggregata,Cymatogaster aggregata,Mock Community,NA,BF3,NA,NA,1
102,BF3,MC-E-c,MC-E,3,984560259e9b6fba757665c6a6d7250bcaea3f63,53,species,Metazoa,Mollusca,Bivalvia,Venerida,Veneridae,Ruditapes,Ruditapes philippinarum,Ruditapes philippinarum,Mock Community,NA,BF3,NA,NA,1
102,BF3,MC-E-c,MC-E,3,11bc5b4f80a0f346a1cc03a86a26dd4313bff62a,22,species,Metazoa,Mollusca,Bivalvia,Venerida,Veneridae,Ruditapes,Ruditapes philippinarum,Ruditapes philippinarum,Mock Community,NA,BF3,NA,NA,1
102,BF3,MC-E-c,MC-E,3,1213612785627a26f9995b9f29b2f7daf628ab3a,13,species,Metazoa,Arthropoda,Malacostraca,Decapoda,Crangonidae,Crangon,Crangon crangon,Crangon crangon,Mock Community,NA,BF3,NA,NA,1
102,BF3,MC-E-c,MC-E,3,8915199be581c0c61e335c81d4f669ae34b63cd3,12,genus,Metazoa,Chordata,Actinopteri,Perciformes,Agonidae,Bathyagonus,NA,Bathyagonus,Mock Community,NA,BF3,NA,NA,1
102,BF3,MC-E-c,MC-E,3,46058688dff6ad0c446936715da0b6d461d66ff4,8,species,Metazoa,Arthropoda,Malacostraca,Decapoda,Crangonidae,Crangon,Crangon franciscorum,Crangon franciscorum,Mock Community,NA,BF3,NA,NA,1
102,BF3,MC-E-c,MC-E,3,57f93ec05f3192f667645192b0cab92062bf5414,12,species,Metazoa,Arthropoda,Malacostraca,Decapoda,Crangonidae,Crangon,Crangon franciscorum,Crangon franciscorum,Mock Community,NA,BF3,NA,NA,1
102,BF3,MC-E-c,MC-E,3,2fb6c3f73f50f1f0a92c54b33894c447c950edae,10,genus,Metazoa,Arthropoda,Malacostraca,Decapoda,Crangonidae,Crangon,NA,Crangon,Mock Community,NA,BF3,NA,NA,1
102,BF3,MC-E-c,MC-E,3,921a619530265c77845aff59fa0e09fb1ca270cb,8,species,Metazoa,Arthropoda,Malacostraca,Decapoda,Crangonidae,Crangon,Crangon franciscorum,Crangon franciscorum,Mock Community,NA,BF3,NA,NA,1
102,BF3,MC-E-c,MC-E,3,4f61e33a32c46d7f81d526f66acfe3e088d196a6,5,species,Metazoa,Arthropoda,Malacostraca,Decapoda,Crangonidae,Crangon,Crangon franciscorum,Crangon franciscorum,Mock Community,NA,BF3,NA,NA,1
102,BF3,MC-E-c,MC-E,3,bd1e03e7dfbb119d2e32b9db343ee4e6ed4f0915,11,genus,Metazoa,Arthropoda,Malacostraca,Decapoda,Crangonidae,Crangon,NA,Crangon,Mock Community,NA,BF3,NA,NA,1
102,BF3,MC-E-c,MC-E,3,da737e5bc821aa9033b9b3addd4ecf269e484850,22,species,Metazoa,Arthropoda,Malacostraca,Decapoda,Crangonidae,Crangon,Crangon franciscorum,Crangon franciscorum,Mock Community,NA,BF3,NA,NA,1
102,BF3,MC-E-c,MC-E,3,60a76d41f52cd47e97e8b91e91e4d5fbb0e9ea0a,10,species,Metazoa,Arthropoda,Malacostraca,Decapoda,Crangonidae,Crangon,Crangon franciscorum,Crangon franciscorum,Mock Community,NA,BF3,NA,NA,1
102,BF3,MC-E-c,MC-E,3,19ca52a666b9ed2f8799377216a78f255b1517bf,2,genus,Metazoa,Arthropoda,Malacostraca,Decapoda,Crangonidae,Crangon,NA,Crangon,Mock Community,NA,BF3,NA,NA,1
102,BF3,MC-E-c,MC-E,3,6c1b6742b9478e288e27a0e5d00f900e042a6866,11,genus,Metazoa,Arthropoda,Malacostraca,Decapoda,Crangonidae,Crangon,NA,Crangon,Mock Community,NA,BF3,NA,NA,1
102,BF3,MC-E-c,MC-E,3,9702f8fe5bf5f9cd5e7b32e0a985eda541115b40,16,species,Metazoa,Arthropoda,Malacostraca,Decapoda,Crangonidae,Crangon,Crangon franciscorum,Crangon franciscorum,Mock Community,NA,BF3,NA,NA,1
102,BF3,MC-E-c,MC-E,3,9472679b6ab9f5e64d106e1357452d61ad3b45e7,6,genus,Metazoa,Arthropoda,Malacostraca,Decapoda,Crangonidae,Crangon,NA,Crangon,Mock Community,NA,BF3,NA,NA,1
102,BF3,MC-E-c,MC-E,3,2216c8464d5d836481c769352bcd872797f70695,7,genus,Metazoa,Arthropoda,Malacostraca,Decapoda,Crangonidae,Crangon,NA,Crangon,Mock Community,NA,BF3,NA,NA,1
102,BF3,MC-E-c,MC-E,3,cc9f28d821e5da35b632c92b8bf4da48c6aa307d,5,species,Metazoa,Chordata,Actinopteri,NA,Embiotocidae,Cymatogaster,Cymatogaster aggregata,Cymatogaster aggregata,Mock Community,NA,BF3,NA,NA,1
102,BF3,MC-E-c,MC-E,3,19c452afabe9fa95a9b391138b663452ee3c65a2,4,species,Metazoa,Chordata,Actinopteri,NA,Embiotocidae,Cymatogaster,Cymatogaster aggregata,Cymatogaster aggregata,Mock Community,NA,BF3,NA,NA,1
102,BF3,MC-E-c,MC-E,3,44c7bc935a972688df6b0a89207d6dea88f532b6,4,species,Metazoa,Chordata,Actinopteri,Perciformes,Cottidae,Leptocottus,Leptocottus armatus,Leptocottus armatus,Mock Community,NA,BF3,NA,NA,1
102,BF3,MC-E-c,MC-E,3,53555da55e38651ec0bc75c1cae1367e067f2fed,4,species,Metazoa,Arthropoda,Malacostraca,Decapoda,Cancridae,Metacarcinus,Metacarcinus magister,Metacarcinus magister,Mock Community,NA,BF3,NA,NA,1
